pair,count
ts,26338
an,18542
lh,17715
in,17428
aa,16508
la,15640
al,14489
en,14408
wa,13433
na,13432
st,12723
kw,12534
̓a,12043
ii,11621
at,11589
a̱,11480
it,11075
as,10969
ha,10835
sa,10736
il,10605
'a,10600
ay,10325
si,10150
el,10078
is,10017
ma,9674
k̓,9667
ta,9547
ni,9503
da,9477
wi,9440
ak,9078
oo,9047
ya,8554
te,8379
ga,8284
un,8135
ut,8122
we,8038
et,7718
am,7574
ka,7551
x̱,7540
ax,7486
uu,7463
ul,7418
li,7344
ch,7249
hl,7228
di,7164
q̓,7139
s',7133
ne,7090
nt,6945
aw,6924
us,6908
̓i,6753
əm,6608
es,6558
ʔa,6553
g̱,6551
t̓,6515
le,6421
ik,6357
em,6295
se,6278
nu,6264
hu,6237
̱a,6208
xw,6199
'i,6093
xʷ,6093
sk,5990
ʔi,5840
uk,5833
ah,5803
ng,5747
ti,5701
a',5674
t',5642
ks,5615
x̌,5448
id,5447
aʔ,5437
hi,5408
mi,5261
kʷ,5254
gi,5150
im,5149
ag,5105
n̓,5100
aq,5045
on,4977
c̓,4957
'e,4944
he,4939
iy,4744
su,4728
əl,4713
ap,4711
ht,4671
th,4655
ba,4615
cw,4613
'u,4542
me,4510
yu,4466
ad,4455
̓ə,4443
qw,4433
m̓,4413
y̓,4343
um,4341
ən,4333
ʷa,4308
ih,4225
du,4206
sh,4200
ho,4064
ye,3982
nd,3921
qa,3909
lu,3881
tu,3870
ns,3864
̓u,3833
gu,3821
ee,3800
w̓,3791
k',3765
tl,3758
ke,3748
ot,3723
ła,3720
yi,3699
de,3698
lt,3623
̓e,3616
n.,3608
l̓,3604
gw,3559
gh,3555
p̓,3517
pa,3488
ki,3402
ac,3396
ll,3394
eh,3366
t.,3334
ʷə,3331
ek,3328
ud,3320
a.,3284
ál,3246
iʔ,3238
s.,3221
ar,3191
'o,3185
ed,3160
ux,3140
ał,3028
qʷ,3006
wh,2970
ai,2935
hk,2935
ig,2922
̓ʷ,2922
sg,2915
dz,2912
ol,2912
h.,2878
ix,2876
’u,2855
ił,2823
mu,2806
tk,2806
ex,2801
ic,2781
nk,2759
ra,2746
’a,2673
sq,2646
oh,2635
t’,2613
wu,2566
̓w,2559
wt,2538
tə,2509
w',2508
er,2506
bi,2503
l',2445
e',2442
ug,2442
ec,2411
os,2402
ʔu,2383
rr,2381
ws,2368
ey,2363
lo,2326
̱n,2321
’e,2301
to,2278
ʷi,2277
lk,2269
xa,2266
pe,2255
i',2225
s’,2221
ḵ',2214
ƛ̓,2203
iw,2195
ín,2188
pi,2187
-t,2159
sm,2159
t̕,2156
h',2148
s-,2139
’i,2128
uy,2116
eq,2111
bu,2098
ls,2089
él,2089
up,2067
i.,2062
s̲,2054
án,2054
ku,2051
ip,2047
tx,2045
sə,2044
əx,2040
uw,2032
"e,",2008
'n,2006
EL,2005
k’,1992
ca,1982
a7,1977
m-,1958
íl,1935
̱l,1918
̓t,1906
̓á,1900
sd,1892
ms,1879
sp,1857
wá,1857
iq,1846
ny,1842
xs,1840
no,1828
ʔə,1824
̱w,1822
én,1819
tn,1810
sx,1783
át,1778
re,1766
sc,1761
ge,1755
be,1753
ew,1744
lx,1744
"s,",1743
wé,1738
ab,1735
ít,1730
̓s,1727
sn,1724
əs,1724
s̓,1715
lg,1704
ok,1675
ja,1668
nl,1664
ce,1662
od,1642
ur,1628
̱x,1628
eg,1627
ci,1625
qu,1610
nh,1591
úl,1566
uq,1565
ri,1562
qe,1559
lc,1556
mo,1555
qs,1553
sl,1553
ck,1550
iƛ,1542
so,1541
ep,1537
a’,1530
lá,1518
EN,1514
há,1511
wí,1504
ət,1504
'w,1503
̱m,1501
ač,1494
aƛ,1483
eʔ,1472
nə,1458
Ts,1452
wl,1441
ét,1437
uʔ,1432
ld,1428
uh,1428
uc,1425
go,1421
gy,1420
ná,1416
ús,1415
iš,1414
za,1409
mt,1407
aḵ,1402
"n,",1399
sw,1392
ƛa,1381
o',1380
a-,1375
nc,1374
ém,1373
'y,1361
om,1359
-a,1357
út,1355
qi,1346
té,1346
'm,1335
W̱,1328
ɛt,1323
pu,1317
x̣,1314
nx,1306
kt,1298
ji,1296
tt,1285
"t,",1283
yo,1282
'l,1280
't,1277
ḵw,1274
uz,1272
̱',1269
xe,1258
ze,1253
ow,1252
's,1249
sí,1242
hé,1236
7a,1235
qə,1231
dl,1229
ez,1227
é,1212
e.,1205
ps,1200
do,1194
hd,1194
či,1192
̓m,1189
̓í,1174
̱s,1172
né,1169
zi,1158
l-,1155
oy,1149
LE,1148
-i,1145
hc,1145
ám,1142
-k,1139
dᶻ,1136
m.,1136
w-,1128
",s",1126
q',1123
t-,1118
̓l,1116
ox,1114
tg,1111
̓ú,1111
az,1110
əq,1110
ko,1109
ši,1107
tá,1106
h-,1105
nm,1098
yt,1097
mí,1094
n-,1093
gə,1091
lq,1082
pl,1065
áy,1063
io,1059
ás,1059
EṈ,1051
hs,1049
č̓,1048
ék,1043
n',1039
̕a,1039
mb,1038
ir,1031
sá,1031
hn,1030
ís,1030
lé,1027
-á,1025
-s,1020
tł,1020
hw,1017
ct,1011
̓q,1011
ká,1004
ák,999
ro,995
p',992
h’,991
pt,989
̓ᶿ,989
ȻE,985
ʔe,984
áw,982
kh,981
̱o,981
i-,979
e7,978
lm,975
̓k,973
",c",964
tm,963
má,957
TE,954
ea,954
ET,952
va,952
ı́,952
cl,949
’o,947
̓x,944
cu,940
w̕,926
xt,926
ək,925
ní,924
ub,921
uł,921
mx,920
or,919
u',919
dh,918
mə,915
"r,",914
yɛ,913
ju,908
lí,904
aḥ,902
ib,898
ík,897
xu,893
łi,890
̕i,890
áx,886
ʷu,881
-u,880
zu,879
á:,878
-g,877
'é,870
ɛn,869
í,865
xd,861
7e,860
čɛ,860
nq,859
w.,859
éy,859
tr,858
ič,857
á,852
ia,852
sú,850
NE,849
aj,848
sʔ,848
'á,846
k.,843
kn,843
̓o,842
ou,836
sé,835
mé,832
mk,828
̌ʷ,827
e’,824
xi,820
čx,816
əp,816
és,815
̱g,815
tw,806
lp,804
ES,801
a?,799
SE,798
ı̨,794
tq,793
sy,792
̕s,792
éw,791
iz,790
ʕa,789
tc,787
éh,785
wo,781
̌s,781
"l,",780
lʼ,779
l.,778
og,774
̓.,771
̲s,771
ɛm,765
l’,764
hí,763
",b",762
-n,762
u.,760
s7,757
**,756
hg,754
oɬ,751
̓c,750
-e,749
ly,748
íx,748
nn,747
ḥa,746
u-,742
tí,740
éx,733
ys,731
-í,730
ƛi,730
̌a,729
co,728
ie,728
ve,727
oc,724
̱e,724
əw,723
"d,",718
nú,718
̱k,718
wn,708
7s,707
də,706
úk,706
mn,704
ru,701
ḵ’,701
"y,",699
áq,699
à,696
́l,691
ép,689
..,687
gʷ,686
̌v,683
kv,682
ss,677
áh,677
po,676
̓v,675
-m,674
"k,",673
ʔs,672
l̕,670
kʼ,669
ó:,668
ḵa,668
bo,667
gv,667
ml,666
nʼ,666
ím,664
lə,662
ƛə,662
̓é,662
yé,661
i7,660
wm,659
z̓,659
'k,658
:t,658
ú,658
gg,657
t̲,657
aǂ,656
ón,656
nw,654
mɛ,653
"g,",652
a·,648
xv,648
łə,648
xʔ,646
i’,643
oz,643
̱t,641
-l,639
mc,637
qƛ,637
íw,636
́t,634
",p",628
ác,627
kə,624
",t",623
hú,623
mg,620
yá,619
łu,619
zo,617
"a,",615
hə,615
s?,612
úy,611
ao,610
je,608
́n,602
ča,601
y-,600
pə,599
hı,597
kl,597
y.,594
ǧə,594
ʔ‿,594
ʷs,594
əł,588
cə,587
w7,586
hx,585
m',583
n:,583
ɛq,583
s̱,580
op,579
ǧʷ,578
",h",577
km,577
ʼa,572
yə,570
n?,569
k̕,568
w’,563
íc,563
hʼ,559
Ka,557
ɬa,554
úm,552
łt,552
wə,551
íy,551
pá,550
əy,550
",f",547
̓h,546
qt,545
wd,543
hó,541
áp,538
:l,536
tú,535
χa,533
yn,531
iḥ,529
ɩn,529
̓n,529
7á,528
h̕,528
'í,527
ƛ̕,527
Na,525
ʔx,525
ʷʊ,524
'x,523
ān,523
hy,518
ké,517
tʼ,516
ʷo,516
ʼx,516
̕u,516
ĆE,512
ʷe,509
ʼi,509
ᶿə,509
íq,508
__,506
á7,506
nı,505
í:,505
ḵ̓,505
éc,504
·k,503
ʔt,503
rt,502
iǂ,500
mł,500
ʔɛ,499
̕é,499
éq,498
əʔ,497
ún,496
Ha,492
EȻ,491
łʔ,488
ɛʔ,488
ʷt,488
lw,487
̕-,484
oq,481
ǂa,481
a̓,479
xə,478
̓ɛ,478
-d,475
ln,475
qo,475
áo,475
7ú,474
nz,474
.s,472
qí,471
ty,470
́h,469
θo,468
",m",467
pé,465
u7,464
qá,463
ʷɛ,459
px,457
dé,456
əc,455
mp,451
óo,451
łg,451
-h,450
łe,450
'ó,449
dı,448
̱-,448
wk,446
št,446
s̕,445
gr,444
p-,443
sʼ,443
łc,443
̌ə,443
́s,441
X̱,439
7t,436
̱d,436
cs,435
qn,435
hp,434
zh,434
aʕ,431
pk,431
Ni,430
̓p,430
ēw,429
̱i,429
’é,429
-c,428
wā,427
úp,427
ʔo,426
ym,425
̱h,425
Ne,424
"h,",424
qɛ,422
̱u,421
ḥi,421
aǧ,420
lú,420
ǧa,420
aɬ,418
xn,417
wē,416
yú,415
",w",414
aš,413
vi,413
-é,412
dá,412
'.,411
pq,411
EW,410
x.,410
üü,410
‿s,410
",g",408
Gi,408
g.,408
úx,408
’t,408
yx,405
bə,404
n’,404
eł,403
Ch,402
EM,402
hr,401
ij,401
'ú,399
yg,399
̕e,399
",r",398
-ú,398
ÁL,398
hq,395
ḵs,394
cí,392
íh,391
’á,391
̕w,390
Lh,389
Ma,389
ēs,389
kē,388
rs,385
x',385
cm,384
fi,384
-y,383
aʼ,383
́a,382
cú,379
jɛ,379
̱E,379
xl,378
χə,378
XE,377
o̱,376
-w,375
Da,374
aχ,374
ì,374
L̵,371
ei,371
ä̀,371
o.,370
uj,370
ᶻə,370
",d",369
mq,368
mú,368
hm,367
ʷ.,367
t?,366
šɩ,366
"m,",364
7é,362
Sa,362
nɛ,362
yc,361
yk,361
ql,360
wú,360
łk,357
χʷ,357
kā,356
cn,355
c̕,355
qv,355
tč,355
lı,354
pú,354
uš,354
'd,353
St,352
oḵ,352
āw,352
G̱,351
pí,351
́k,350
ās,349
nj,348
’-,348
¸E,346
čɩ,346
",o",345
wc,344
fo,343
ḵ,343
p’,343
z̲,343
í7,343
ǥa,342
mm,341
'q,339
Lu,339
SW,339
gm,338
Nu,335
’s,335
lb,334
kł,333
lḵ,333
oł,333
ƛu,333
ču,332
Bi,330
uč,330
a!,329
ʔk,329
ṃ́,329
qm,328
qé,328
xm,328
ʕi,328
̌i,328
úc,327
kí,325
kʔ,325
rl,325
ua,324
θə,324
7i,323
tā,323
ui,323
ky,322
np,322
p.,322
yl,322
ə̀,322
:n,321
íp,321
ṇ́,321
)(,320
ʔí,320
’í,320
",E",319
ʷm,319
7l,318
Wa,318
ú7,318
bl,317
ɛs,317
eb,316
ù,316
:k,315
ḴE,315
wp,314
sb,313
ǂi,313
ṈE,313
",l",311
z.,311
Si,308
cá,308
̲u,308
Kw,307
eḵ,306
md,306
h̓,305
jo,305
kú,305
kš,305
łm,305
ʔm,304
De,303
̀l,303
K',302
nł,302
y',302
ɛw,302
mč,301
mh,300
ɛč,300
əg,299
aθ,298
̱b,297
ái,296
:w,295
EĆ,295
xg,295
ɩm,295
̓ṇ,295
'ı,293
ʷw,293
̱̲,293
",T",292
7.,291
:r,291
my,291
oʔ,291
pn,291
zá,291
dú,290
-ḵ,289
āk,289
"E,",288
aí,288
sz,288
vs,288
́x,288
'h,287
̌ʔ,286
’n,286
7í,284
Ta,284
Te,284
ej,284
än,284
7u,283
T',283
"w,",283
yí,282
iḵ,281
sḵ,281
áz,281
óh,281
ót,281
nē,280
t́,280
áa,280
ME,279
ʼe,279
dí,277
i),277
tē,276
",S",275
úq,274
rg,273
vá,273
x̄,273
yh,273
ól,273
nï,272
nʔ,272
̀n,272
Du,270
dā,270
nā,270
wq,270
Wi,269
xc,269
](,268
ds,268
tᶿ,268
hä,267
xł,267
’m,267
́m,265
EȽ,264
ry,264
uḥ,264
̕á,264
̕í,264
Al,263
au,263
ob,263
éd,263
̣a,263
(s,262
éḵ,261
a),260
dr,260
o’,260
ue,260
ṯs,260
̲',259
",e",258
La,258
əɬ,258
L¸,257
Se,257
ɂe,257
ᶿa,257
EX,256
i̱,256
̣ʷ,256
ST,255
əƛ,255
xá,254
āt,254
ɬə,254
̓ł,254
i?,253
kc,253
ēt,253
ǫ́,253
ɛy,253
kq,252
uƛ,252
əd,252
ʔn,252
zé,251
ɛg,251
",a",250
-b,250
Di,250
Sh,250
̲’,250
oj,249
θɛ,249
dł,248
n),248
ēh,248
xq,247
ēy,247
̱é,247
m?,246
īn,245
"I,",244
ə́,244
cq,243
əč,243
ḥs,243
7c,242
uǂ,242
c’,241
hj,241
td,241
(t,240
br,240
e),240
hh,240
n7,240
uẕ,240
ʼs,240
ᶻi,240
ıh,238
ɛp,238
ḵ-,238
ḷ́,238
.g,237
h?,237
¢i,237
ł.,237
łn,237
EḴ,236
av,236
ló,236
xh,236
iv,235
tɛ,235
̕ł,235
Me,234
c.,234
cp,234
dm,234
s),234
yj,234
ád,234
tp,232
xé,232
"i,",231
zú,231
’ā,231
Gw,229
qš,229
(n,228
wx,228
ł',228
:y,227
xp,227
"Á,",227
ēk,227
̓y,227
n!,226
xy,226
yā,226
zd,226
Ga,225
Oo,225
̱p,225
aˈ,224
iá,224
ŦE,224
:m,223
wy,223
xk,223
ǰɛ,223
Ya,222
áḵ,222
łs,222
ḥt,222
’l,222
K̓,221
gl,221
ró,221
u’,221
ʔá,221
rʼ,220
tó,220
tŝ,220
ën,220
ʷn,220
̱ł,220
e-,219
kó,219
̀t,219
",0",218
IL,218
KE,218
é',218
An,217
tʔ,217
rn,216
ë̀,216
Tl,215
ph,215
ī́,215
į̄,215
̱ḵ,215
-x,214
i̓,214
py,214
ša,214
ʔq,214
’ú,214
"p,",213
ǧv,213
aⱡ,212
dī,212
nó,212
oχ,212
pē,212
u̓,212
ᶿo,212
i·,211
á',211
əǧ,211
ɛθ,211
T̸,210
h7,210
zt,210
łx,210
́w,210
ᶻa,210
"L,",209
à:,209
pc,208
šɛ,208
ɛx,208
Es,207
́c,207
ḷá,207
cʼ,206
úg,206
ę́,206
ƛs,206
ḵh,206
dï,205
"o,",205
̀x,204
́e,204
́p,204
θa,203
cr,202
hɛ,202
pd,202
¢̕,202
ɛɬ,202
ᶿɛ,202
cé,201
dy,201
ǂu,201
hà,200
ƛʔ,200
Su,199
vl,199
ɬt,199
oa,198
qp,198
ło,198
’k,198
7m,197
cx,196
rá,196
́ᶿ,196
-p,195
yó,195
ìi,195
ʷʔ,195
̓7,195
̲e,195
̲i,195
gn,194
łq,194
SI,193
mā,193
Li,192
sē,192
ɛχ,192
ʷl,192
Gu,191
I¸,191
Ke,191
gá,191
mē,190
pr,190
sɛ,190
",N",189
EK,189
yɩ,189
é:,189
ʔú,189
̓ɩ,189
̓ḷ,189
'U,188
gü,188
ʼt,188
̓̓,188
E¸,187
TW,187
gé,187
vu,187
ąy,187
ḥʔ,187
OL,186
nb,185
sč,185
tḥ,185
wł,185
úw,185
ʔé,185
́d,185
̨́,184
é7,183
íʔ,182
əχ,182
ḵi,182
:s,181
Ba,181
Q̓,181
e̓,181
i:,181
l7,181
pw,181
rd,181
d.,180
íḵ,180
ẕu,180
oi,179
q.,179
̲.,179
(k,178
a:,178
eo,178
pp,178
QE,177
g̓,177
ág,177
ʷú,177
Qw,176
q’,176
ÁN,176
àn,176
ōw,176
ǧi,176
Sk,175
k?,175
yd,175
ɬč,175
̱.,175
Be,174
sı,174
sƛ,174
ᶻu,174
Hi,173
Á¸,173
éʔ,173
̱’,173
χɛ,173
hë,172
ég,172
Ho,171
dē,171
iʼ,171
ʔp,171
ʼʷ,171
d̲,170
'p,169
Mi,169
ȽE,169
gs,168
sj,168
·q,168
ɬɛ,168
.a,167
yq,167
ʊm,167
’.,167
Pe,166
vú,166
və,166
xo,166
ƛɛ,166
ʔł,166
HI,165
iⱡ,165
kp,165
mʔ,165
o̲,165
ïn,165
əθ,165
Hu,164
só,164
wg,164
xb,164
ɩt,164
ʼä,164
úh,163
ƛo,163
ʷc,163
̀k,163
̲a,163
e?,162
hǫ,162
àa,162
ät,162
Bu,161
"N,",161
cy,161
x-,161
āp,161
ʼm,160
ḵé,160
’w,160
aǰ,159
fl,159
k-,159
́q,159
ḵ̕,159
‿c,159
xí,158
ët,158
̌u,158
'g,157
:',157
\c,157
qʼ,157
w?,157
ƛm,157
ǥw,157
́y,157
Ut,156
mḵ,156
o\,156
tš,156
tḵ,156
ȾE,156
IE,155
Ks,155
NÁ,155
WE,155
pg,155
sǧ,155
úz,155
Ḵ',155
’U,155
́g,154
mw,153
pm,153
ré,153
wó,153
zk,153
ŝi,153
šu,153
Ḱ,152
fa,152
hb,152
uḵ,152
ɩč,152
ɩš,152
ʔ.,152
lj,151
èe,151
‿k,151
qk,150
vḷ,150
ÁT,150
ʼà,150
Nt,149
áu,149
č.,149
́i,149
χo,149
Wh,148
uʼ,148
á’,148
̲d,148
ḰE,148
.w,147
T̓,147
dj,147
qú,147
í.,147
7q,146
DE,146
sł,146
ɛk,146
ʼk,146
̀s,146
_s,145
¢u,145
ʼo,145
̱y,145
(e,144
pɛ,144
sā,144
ā́,144
ḥu,144
)[,143
Dz,143
"S,",143
Yu,143
dn,143
hì,143
hʔ,143
ìn,143
ïl,143
ə‿,143
̀m,143
TS,142
rm,142
ók,142
ʊk,142
ʔy,142
̌t,142
̓ʔ,142
ḵe,142
:i,141
ɬ.,141
ʼu,141
’ī,141
*s,140
IN,140
fr,140
íg,140
JE,139
hę,139
kx,139
ły,139
θi,139
‍s,139
IT,138
N̓,138
"O,",138
èn,138
̕ú,138
λa,138
",i",137
c7,137
mʼ,137
qḥ,137
ʼə,137
NO,136
Ng,136
OS,136
y̕,136
ʷí,136
",1",135
NS,135
rí,135
TO,134
gó,134
nä,134
nč,134
nƛ,134
yp,134
¢a,134
Sg,133
hz,133
qc,133
ŚE,133
̕ə,133
",n",132
ée,132
́7,132
‘u,132
IS,131
Mu,131
W¸,131
Xw,131
gú,131
i¢,131
qy,131
s!,131
t‍,131
uá,131
āh,131
čk,131
šʔ,131
'ë,130
LÁ,130
dè,130
fe,130
kd,130
kǂ,130
r.,130
čt,130
ʼą,130
̌ƛ,130
̱I,130
-q,129
eẑ,129
gí,129
úd,129
O¸,128
cʔ,128
qʔ,128
ëk,128
íd,128
̄́,128
̲h,128
Ki,127
N¸,127
ov,127
oθ,127
ɬo,127
ʔl,127
'c,126
7k,126
c-,126
ev,126
hā,126
qǂ,126
"u,",126
ʔ_,126
̵E,126
’d,126
ⱡa,126
LI,125
YE,125
mš,125
t),125
yʼ,125
rh,124
íi,124
ām,124
łp,124
ƛe,124
̀d,124
Cw,123
HE,123
TI,123
aŝ,123
hè,123
lī,123
nè,123
ʊx,123
M¸,122
e_,122
of,122
èh,122
ƛq,122
əb,122
̱á,122
Ja,121
NI,121
"T,",121
ḥ,121
iǧ,121
zí,121
éz,121
ɛ.,121
ʕ̓,121
̓ṃ,121
̲o,121
At,120
Ye,120
dä,120
ʷé,120
As,119
a¢,119
é’,119
Nd,118
cē,118
ié,118
u?,118
́ı,118
LU,117
Pa,117
nà,117
tj,117
óq,117
ʔw,117
ḵá,117
’y,117
Ti,116
dd,116
Le,115
cc,115
h),115
hò,115
íɫ,115
ül,115
ın,115
ʼ.,115
̓ƛ,115
̨h,115
̲ẕ,115
‿n,115
iẕ,114
pʔ,114
zn,114
ų́,114
ǂq,114
ǫh,114
’c,114
Hl,113
rk,113
àh,113
ēn,113
̌c,113
En,112
nḥ,112
n‿,112
òo,112
ą̄,112
ʼl,112
’x,112
bá,111
dì,111
nì,111
tı,111
āc,111
ą̈,111
šx,111
ǂk,111
ʔc,111
"0,",110
EQ,110
"c,",110
kk,110
mɩ,110
v́,110
yb,110
ᶻo,110
ṮE,110
",y",109
hą,109
jɩ,109
áʔ,109
Ny,108
ff,108
ós,108
ʔƛ,108
if,107
mō,107
uɬ,107
zı,107
š.,107
ɨs,107
'ł,106
",j",106
Tu,106
č,106
dg,106
rc,106
sr,106
š,106
łb,106
ōs,106
ʊn,106
̓g,106
",Á",105
IṈ,105
Tx,105
ae,105
ió,105
l̲,105
o-,105
wʼ,105
éł,105
óx,105
ād,105
łd,105
́u,105
̱S,105
No,104
OṈ,104
Yi,104
të,104
ēp,104
łš,104
ǂn,104
̲t,104
C',103
NT,103
PE,103
l?,103
qx,103
xƛ,103
ʕʷ,103
K̵,102
SÁ,102
_t,102
c',102
eɂ,102
kḥ,102
ıd,102
ʷ?,102
̓‿,102
̣s,102
Ay,101
lv,101
ó,101
t7,101
yw,101
ÁĆ,101
ȻÁ,101
lɛ,100
lʔ,100
o7,100
yà,100
šƛ,100
ʔE,100
’ē,100
)s,99
",H",99
ví,99
ĆÁ,99
ʕu,99
ʼë,99
(m,98
Ah,98
SX,98
aǥ,98
sō,98
wà,98
ɬq,98
ʷy,98
ʼá,98
(a,97
Sq,97
ïz,97
šč,97
ɛl,97
̀h,97
̓,97
'A,96
a],96
pš,96
xú,96
y?,96
ʷq,96
-7,95
-j,95
.n,95
EJ,95
EP,95
bs,95
fu,95
u′,95
äk,95
ìì,95
ŚW,95
̀q,95
ḵí,95
.u,94
lï,94
u·,94
"x,",94
yʔ,94
ǰɩ,94
"Ȼ,",94
ʼq,94
́’,94
̌λ,94
‿t,94
(d,93
7w,93
In,93
Ku,93
k7,93
ōn,93
ŝe,93
ɛh,93
",I",92
7p,92
eŝ,92
lį,92
yä,92
ëd,92
óy,92
ʼį,92
̕ʷ,92
",L",91
",v",91
-ʔ,91
IW,91
dą,91
gū,91
jı,91
rw,91
s_,91
zy,91
̣i,91
".""",90
rp,90
x7,90
zó,90
¸I,90
áá,90
ą́,90
ĆI,90
"ʷ,",90
̀y,90
"̓,",90
̣t,90
‘a,90
Et,89
Kh,89
We,89
dà,89
kō,89
kɛ,89
āy,89
ʊt,89
"5,",88
EḰ,88
hł,88
mó,88
q7,88
zr,88
čḥ,88
ēd,88
ǧu,88
ʼy,88
ʼā,88
ˈs,88
́z,88
̓?,88
Ṉ¸,88
LO,87
So,87
Th,87
dį,87
iˈ,87
l̀,87
mḥ,87
t_,87
u‿,87
¸S,87
í-,87
ƛḥ,87
ɩs,87
Sp,86
Us,86
m’,86
ìt,86
ït,86
̸E,86
'-,85
Ak,85
Am,85
Gy,85
IȽ,85
SȻ,85
h!,85
lǧ,85
àl,85
ʷk,85
àt,84
ḴÁ,84
ḵu,84
EŦ,83
SĆ,83
af,83
bé,83
hī,83
hō,83
k¢,83
n_,83
nr,83
nẕ,83
rb,83
uǧ,83
əʼ,83
’ó,83
(w,82
Aw,82
SO,82
"U,",82
e:,82
i],82
iɬ,82
m7,82
oe,82
pā,82
vt,82
¸Á,82
áǧ,82
ʼì,82
",""",81
:q,81
T̲,81
dë,81
hį,81
oǰ,81
sθ,81
·n,81
äl,81
è’,81
ël,81
łw,81
ḥm,81
ṇt,81
ẑi,81
ẕ.,81
'ę,80
ft,80
òn,80
ɂa,80
ɛš,80
ɩg,80
ʷč,80
̀c,80
̓-,80
Ca,79
aı,79
sḷ,79
wɬ,79
í',79
ē.,79
ǰu,79
ʕá,79
ʦa,79
ʷá,79
'I,78
)t,78
Ji,78
Uk,78
e],78
vṃ,78
á.,78
č’,78
ɩx,78
ʷx,78
̲z,78
ḷa,78
10,77
"7,",77
Ul,77
eʼ,77
iu,77
iʕ,77
iẑ,77
sṃ,77
zï,77
á-,77
éʼ,77
ìh,77
óm,77
ùu,77
ēc,77
ɬi,77
7x,76
Tr,76
sš,76
yč,76
¸T,76
áƛ,76
ïs,76
łé,76
ʷł,76
ʷθ,76
λə,76
χt,76
'ǫ,75
.5,75
OT,75
TÁ,75
r-,75
ÍE,75
‘i,75
(p,74
W̓,74
ef,74
hù,74
uˈ,74
čo,74
ʔ-,74
̀g,74
Ed,73
Ge,73
SḴ,73
Ud,73
e̱,73
l‿,73
nḵ,73
ǧṃ,73
ɩk,73
ʷʋ,73
ḵd,73
ḵt,73
ẕd,73
‿x,73
EȾ,72
LS,72
Nk,72
NȻ,72
[k,72
_c,72
ēm,72
ıt,72
ʷp,72
ʷ‿,72
ʼē,72
̓ǂ,72
'ü,71
Go,71
K’,71
Sm,71
[n,71
jì,71
nį,71
u̱,71
wr,71
yē,71
z',71
ÁS,71
čʔ,71
ǂm,71
ǧá,71
ɫa,71
ʷƛ,71
̕k,71
'j,70
El,70
Qa,70
kë,70
o_,70
wä,70
áe,70
ìl,70
ú-,70
šə,70
ťə,70
ƛṇ,70
ˈl,70
θe,70
χe,70
’į,70
'N,69
aẕ,69
hḵ,69
lf,69
lā,69
áɫ,69
ĆO,69
ʼc,69
̌d,69
̓z,69
̕q,69
χn,69
₭E,69
Do,68
Is,68
mθ,68
në,68
qč,68
q́,68
uʕ,68
ÁW,68
čm,68
šk,68
ū́,68
ʼé,68
̀w,68
̌o,68
ẑe,68
ẕi,68
Xa,67
eθ,67
kǫ,67
oƛ,67
sü,67
ùs,67
ĆT,67
čy,67
ɬu,67
̄w,67
ⱡi,67
7n,66
gt,66
w),66
wš,66
áı,66
ün,66
čq,66
ʼè,66
́ł,66
̨l,66
̱Á,66
UT,65
dę,65
hų,65
nī,65
nɩ,65
t!,65
tɩ,65
vṇ,65
x?,65
šs,65
ʔb,65
ˈx,65
̌m,65
.1,64
Io,64
Un,64
aẑ,64
bē,64
g?,64
èt,64
íł,64
ā.,64
ɩp,64
ʼī,64
̲k,64
ṇú,64
(h,63
.2,63
.3,63
.4,63
Ad,63
He,63
hē,63
r',63
ww,63
áɂ,63
łḥ,63
ƛn,63
ɬe,63
1.,62
2.,62
EŚ,62
Ll,62
MO,62
Mo,62
XI,62
XÁ,62
kà,62
kų,62
kƛ,62
p?,62
w!,62
òh,62
ŦI,62
ȽĆ,62
ṇá,62
"Ṉ,",62
ẕe,62
’q,62
12,61
Ju,61
KÁ,61
M-,61
b̓,61
gē,61
já,61
k),61
pz,61
éɂ,61
ìd,61
úu,61
čs,61
ŝ’,61
ƛk,61
̈̀,61
̱ǥ,61
ḥš,61
:x,60
Ih,60
OŦ,60
Wë,60
[t,60
a‿,60
bt,60
eé,60
l:,60
lą,60
tą,60
x°,60
y!,60
yï,60
yı,60
yš,60
äd,60
ìk,60
ïh,60
úʔ,60
ǂǂ,60
ȻI,60
́o,60
̣u,60
’ë,60
",X",59
-f,59
Kʼ,59
dx,59
e!,59
eǧ,59
i!,59
pʼ,59
tī,59
äh,59
čə,59
į́,59
",k",58
Pi,58
Sn,58
n̩,58
pł,58
së,58
sī,58
tä,58
wë,58
ìʼ,58
ūs,58
ƛ',58
ʼw,58
̕t,58
̱̓,58
ⱡu,58
'?,57
'ḵ,57
(ʔ,57
:’,57
Nq,57
eẕ,57
kɩ,57
u!,57
xz,57
y’,57
z-,57
īd,57
łı,57
əh,57
ʷɬ,57
ʷʕ,57
̀ʼ,57
́.,57
*t,56
00,56
SK,56
są,56
z7,56
zī,56
¢k,56
àʼ,56
úḵ,56
āł,56
ʋm,56
ʼł,56
̓d,56
̣ə,56
(c,55
(y,55
EH,55
Y̓,55
a=,55
a′,55
d̓,55
kè,55
kč,55
pó,55
sį,55
sǫ,55
ŝ,55
vo,55
°a,55
àd,55
àk,55
ą̀,55
če,55
łá,55
ūd,55
ɩɬ,55
ɫá,55
ɬs,55
́́,55
̱Ć,55
"?""",54
Aa,54
Lo,54
Lá,54
Oh,54
Tt,54
Wu,54
aẅ,54
d',54
nǫ,54
oč,54
qq,54
sʕ,54
tō,54
xš,54
ę.,54
ǂw,54
ɂı,54
ɛƛ,54
ɬš,54
̨t,54
*w,53
Jo,53
Ko,53
OW,53
[e,53
bú,53
gɩ,53
wɛ,53
zm,53
zį,53
ÁṈ,53
ą.,53
ıl,53
̀z,53
̌n,53
ḴS,53
'ą,52
*p,52
.y,52
20,52
Kā,52
aə,52
bï,52
"f,",52
pv,52
wz,52
wè,52
ył,52
įn,52
įį,52
ıa,52
ıe,52
ł’,52
ʔǂ,52
ʼn,52
λi,52
6.,51
Ro,51
Sc,51
Xe,51
là,51
o?,51
uθ,51
zg,51
ÁM,51
áʕ,51
íz,51
ā?,51
ǧo,51
ə.,51
ʔg,51
̌á,51
̱í,51
ᶿi,51
’h,51
",W",50
",u",50
11,50
4.,50
M̓,50
Ns,50
_y,50
aó,50
dt,50
dṃ,50
eu,50
lè,50
lǫ,50
n̕,50
o),50
pč,50
w/,50
xɛ,50
zę,50
èʼ,50
ùd,50
üs,50
ōt,50
šm,50
ƛʼ,50
ʼí,50
̣ʔ,50
ḥy,50
*l,49
3.,49
5.,49
To,49
c?,49
hṃ,49
iɫ,49
p̕,49
pḥ,49
qḷ,49
vp,49
wč,49
èl,49
ëz,49
āl,49
ƛč,49
̓b,49
̱O,49
χi,49
ḷí,49
"',",48
8.,48
OM,48
QI,48
_I,48
dó,48
gā,48
mƛ,48
rà,48
sà,48
sǥ,48
wʔ,48
úẕ,48
üt,48
ā̀,48
ɨg,48
ˈn,48
̵I,48
ḴI,48
)q,47
9.,47
AḴ,47
Ná,47
Nä,47
ON,47
PÁ,47
TḴ,47
bm,47
dṇ,47
eɬ,47
h],47
i′,47
s(,47
vc,47
čƛ,47
ēʔ,47
Ła,47
łč,47
ŵe,47
ƛ.,47
ʔ),47
ʼʔ,47
̕ᶿ,47
ḰO,47
’ū,47
:h,46
On,46
bn,46
eχ,46
lr,46
sχ,46
y),46
yχ,46
zǫ,46
íẕ,46
ód,46
ùk,46
úł,46
úɫ,46
į.,46
įh,46
ȻO,46
̀a,46
̄h,46
̓!,46
̓à,46
̨ɂ,46
(l,45
S7,45
SM,45
Sd,45
Uy,45
bł,45
lz,45
p7,45
pj,45
vm,45
vx,45
xó,45
y7,45
zl,45
¸O,45
é.,45
ēł,45
ęh,45
ɬk,45
ʷš,45
ʼò,45
ˈt,45
̲n,45
ṇí,45
'ä,44
-(,44
IĆ,44
IḴ,44
Má,44
OE,44
OO,44
OX,44
QÁ,44
_g,44
"b,",44
jà,44
jú,44
nḗ,44
o:,44
ué,44
x’,44
ài,44
óp,44
ǫ̀,44
ɂǫ,44
̌k,44
̌w,44
ḿ̩,44
ⱡn,44
",q",43
7?,43
Ce,43
Pu,43
SḰ,43
d_,43
gǫ,43
ną,43
p‿,43
sḥ,43
tà,43
ü,43
vd,43
wì,43
zc,43
à’,43
áʼ,43
òò,43
łą,43
ūt,43
ɂ.,43
ʼp,43
̓ʕ,43
ṈÁ,43
",Ḵ",42
Dh,42
IX,42
I_,42
Kē,42
LȻ,42
SN,42
Sx,42
SŦ,42
T̕,42
aɂ,42
aλ,42
iŝ,42
iǥ,42
iχ,42
m=,42
n(,42
qł,42
w´,42
wθ,42
yù,42
ÁU,42
ǂt,42
ə_,42
́ę,42
̱̱,42
̲ú,42
̸Á,42
‘o,42
).,41
7y,41
:e,41
Bo,41
Cu,41
EE,41
IȻ,41
Kl,41
MÁ,41
PI,41
Q',41
SQ,41
Sl,41
Tk,41
_n,41
aɫ,41
bb,41
dk,41
dù,41
eƛ,41
hv,41
m̕,41
qh,41
tʕ,41
t‘,41
zz,41
z’,41
üd,41
čš,41
īh,41
ɂá,41
ʔɬ,41
́é,41
́ɂ,41
̌b,41
ḡw,41
"Ḵ,",41
ḷ̓,41
’p,41
‿p,41
‿q,41
₭O,41
",Ć",40
0.,40
7-,40
Je,40
LT,40
LĆ,40
Yo,40
dū,40
gï,40
kʕ,40
m),40
m̩,40
wḵ,40
zw,40
úƛ,40
"č,",40
čʊ,40
ı.,40
łl,40
ƛy,40
ƛš,40
ʦi,40
ʷɩ,40
"̵,",40
ᐦᑕ,40
ᑲᐣ,40
ḥw,40
ṇu,40
′m,40
'W,39
*m,39
",M",39
.6,39
.7,39
Ax,39
EU,39
IY,39
P̓,39
SṮ,39
WÁ,39
a(,39
d),39
gb,39
gḷ,39
hɂ,39
i=,39
ià,39
iθ,39
mj,39
nù,39
nǧ,39
tǫ,39
wü,39
¢q,39
èk,39
ùh,39
úe,39
į̀,39
"ł,",39
šp,39
ŦO,39
ǫd,39
̓θ,39
̣k,39
̣m,39
ḴT,39
ḷs,39
ṈI,39
""".",38
*r,38
.8,38
Cl,38
Dä,38
It,38
LṈ,38
Nē,38
Qe,38
Sw,38
UE,38
Wá,38
_m,38
cḥ,38
gp,38
kz,38
lì,38
nō,38
sì,38
uɫ,38
ÁE,38
ày,38
í’,38
úú,38
ī.,38
łü,38
ŚI,38
ǥi,38
əz,38
ʔd,38
ʼ‿,38
̀ǧ,38
̀’,38
́E,38
̂e,38
̌e,38
̌l,38
̕x,38
ḥc,38
‿m,38
*h,37
.9,37
05,37
15,37
AX,37
Ag,37
BE,37
Eh,37
EṮ,37
IM,37
Ia,37
Pl,37
Tā,37
UN,37
[m,37
l!,37
l),37
lē,37
nò,37
q̌,37
r),37
Í¸,37
ìs,37
ēg,37
ıé,37
šo,37
ŦL,37
ǫ.,37
ǫt,37
ǰi,37
ʔθ,37
ʷb,37
̄?,37
̄a,37
̣e,37
̣á,37
ḥ.,37
’A,37
'b,36
30,36
55,36
H̓,36
Ké,36
"M,",36
MI,36
Né,36
_.,36
_h,36
a/,36
aà,36
gò,36
gɛ,36
nš,36
rè,36
s/,36
sę,36
tb,36
vì,36
vù,36
ē-,36
īy,36
ȽÁ,36
ȾO,36
ɛj,36
ʊs,36
ʷ_,36
̓č,36
ᐏᐣ,36
’ḵ,36
",Ṉ",35
/t,35
25,35
Ie,35
Il,35
QO,35
Ra,35
SL,35
TX,35
T’,35
Zh,35
[w,35
k!,35
kò,35
kū,35
kⱡ,35
l_,35
q°,35
qó,35
v.,35
vk,35
w(,35
y_,35
yì,35
¸L,35
às,35
ëc,35
ùt,35
ú:,35
ōh,35
ȻS,35
̀i,35
̓°,35
ḥp,35
ẕy,35
‿a,35
(i,34
-o,34
Ac,34
Ci,34
Nl,34
SJ,34
U¸,34
YÁ,34
by,34
dǫ,34
oʼ,34
rv,34
sų,34
vn,34
và,34
wƛ,34
àł,34
äw,34
ëg,34
ës,34
łʕ,34
ūn,34
"ɬ,",34
ɬm,34
ʔA,34
̄°,34
̕l,34
ᐦᐠ,34
ṃ̓,34
ṈS,34
‿ł,34
'O,33
'ų,33
35,33
7!,33
C̓,33
EÁ,33
HO,33
KI,33
Qu,33
Tá,33
Té,33
US,33
_k,33
m!,33
nʕ,33
qz,33
tį,33
tɨ,33
u¢,33
uṯ,33
vq,33
yḵ,33
¸N,33
¸Ḵ,33
ÁȻ,33
ÍY,33
íƛ,33
ā’,33
ŝ.,33
ŝa,33
šy,33
ɨl,33
ɬp,33
ʔɩ,33
̀p,33
̄s,33
"̱,",33
ᐢᑭ,33
ᶿu,33
ḵx,33
"’,",33
ⱡ.,33
/-,32
02,32
Ap,32
HÁ,32
JI,32
SP,32
SȽ,32
_a,32
_l,32
cʕ,32
oẕ,32
pō,32
s=,32
s‘,32
uí,32
uǥ,32
uⱡ,32
zų,32
·m,32
·¢,32
¸W,32
áṇ,32
ès,32
íʼ,32
ò:,32
ó.,32
īs,32
īt,32
ƛp,32
ǧe,32
"ɛ,",32
ɛǰ,32
̄.,32
̕c,32
̱T,32
̲c,32
ṃá,32
ṇ̓,32
ẕt,32
’è,32
*b,31
",O",31
.l,31
"2,",31
Ck,31
Dl,31
Ey,31
I',31
Kʷ,31
NU,31
XT,31
][,31
dc,31
gà,31
kg,31
lę,31
lō,31
ṃ,31
n],31
nɨ,31
oṯ,31
pɩ,31
q?,31
tì,31
ÁȽ,31
ä́,31
éé,31
ía,31
ów,31
īł,31
ȺY,31
ɩw,31
̌í,31
̲j,31
θ.,31
ᐦᐃ,31
ᐦᑌ,31
ḗt,31
’ę,31
’ǫ,31
ⱡk,31
'L,30
)k,30
)l,30
-ı,30
7z,30
Co,30
DI,30
Ek,30
N.,30
Sḵ,30
Wí,30
cz,30
e/,30
eč,30
ǰ,30
mv,30
mǂ,30
nǂ,30
r̓,30
sṇ,30
tè,30
vy,30
yʕ,30
ér,30
ï’,30
šq,30
ȽT,30
ʷd,30
ˈu,30
̀b,30
̓š,30
̕7,30
̕n,30
χm,30
ᐢᑲ,30
ḡa,30
ẕ',30
‘A,30
‘e,30
’ì,30
‿l,30
'à,29
*c,29
",2",29
01,29
E₭,29
II,29
Ii,29
MS,29
OȽ,29
P',29
Tḵ,29
Vi,29
aȼ,29
g-,29
hū,29
i(,29
jə,29
k‘,29
rf,29
tę,29
vg,29
yū,29
·x,29
¸X,29
¸Ḱ,29
é-,29
ëj,29
ąh,29
čn,29
ę̀,29
ıg,29
ŦÁ,29
ƛx,29
ƛɩ,29
ȾI,29
ʷó,29
ˈc,29
ˈm,29
́',29
̌ḷ,29
̣š,29
̱¸,29
χɬ,29
ṇx,29
’I,29
’ą,29
ə,29
'ə,28
/s,28
03,28
"1,",28
Cú,28
E.,28
EB,28
Nz,28
Tc,28
bā,28
cā,28
g',28
gų,28
hˈ,28
lë,28
l̩,28
lṯ,28
pḵ,28
r_,28
rä,28
sɩ,28
t(,28
tχ,28
xḵ,28
ár,28
üm,28
ąn,28
Łu,28
ōm,28
ūk,28
ʷz,28
ʼú,28
ˈa,28
̀.,28
̀j,28
̀ə,28
́ɫ,28
̈h,28
̓ó,28
̓ù,28
̓ʊ,28
̣n,28
ᐦᐊ,28
ẕk,28
‿_,28
*d,27
Ct,27
DÁ,27
ED,27
IḰ,27
Ká,27
Pē,27
Re,27
S¸,27
WI,27
_w,27
d-,27
dò,27
jä,27
jè,27
kb,27
ką,27
l(,27
oǧ,27
tz,27
tś,27
u_,27
vƛ,27
wv,27
zū,27
zə,27
ẑ,27
°l,27
àw,27
čp,27
ęę,27
ħa,27
łā,27
ōd,27
šḥ,27
ųh,27
ǫn,27
ȾÁ,27
əλ,27
ɫx,27
ʊɬ,27
"́,",27
̓r,27
̲l,27
̵T,27
ᐁᐦ,27
ḥk,27
ṃg,27
ṮI,27
'z,26
",Ŧ",26
",Ȼ",26
06,26
07,26
08,26
45,26
50,26
Em,26
IU,26
Mā,26
Nx,26
Sí,26
SȾ,26
Xs,26
dʔ,26
k°,26
mr,26
qj,26
"s""",26
uf,26
uo,26
u̲,26
vʔ,26
zq,26
zè,26
¢m,26
·t,26
áb,26
ëh,26
ïc,26
ùl,26
ĆS,26
ēl,26
ıb,26
ŝ',26
šc,26
ūh,26
ƛḷ,26
ȼ̓,26
əš,26
ə̣,26
ɩƛ,26
ɫt,26
̣.,26
̨ı,26
̱?,26
̲y,26
ṮÁ,26
‘U,26
’à,26
*g,25
",Ś",25
04,25
09,25
23,25
40,25
AK,25
BO,25
EY,25
LA,25
Lí,25
LḴ,25
Mē,25
OḰ,25
SD,25
SH,25
Sá,25
Tä,25
Uu,25
YI,25
YO,25
Yé,25
Za,25
aì,25
g),25
l=,25
lä,25
lʕ,25
lṃ,25
m(,25
mǧ,25
rò,25
s:,25
sè,25
tḷ,25
zɨ,25
¢ǂ,25
àq,25
áł,25
òk,25
új,25
ōk,25
ŚT,25
ŝt,25
ųą,25
ų̄,25
ǫz,25
ɬn,25
ʼr,25
ʼḗ,25
̩s,25
̲í,25
ᓂᐢ,25
ḰI,25
’O,25
'7,24
'ǥ,24
)?,24
.?,24
1:,24
2:,24
:0,24
:1,24
:2,24
:3,24
:4,24
:5,24
:ʔ,24
?),24
Pá,24
Pú,24
S̲,24
Tŝ,24
cš,24
dẕ,24
f-,24
g_,24
kä,24
qɬ,24
rą,24
uẑ,24
wb,24
x!,24
yƛ,24
zā,24
zē,24
¢x,24
´e,24
¸Ć,24
ÁP,24
àx,24
äj,24
íe,24
óʼ,24
úb,24
ąą,24
čw,24
ē?,24
ę̄,24
še,24
ȽO,24
əť,24
ɛ?,24
ɬχ,24
ʔč,24
̕m,24
̱ó,24
̱ē,24
̲-,24
θč,24
ḵ.,24
ḵk,24
ẑ.,24
ẑt,24
ẑu,24
′l,24
′x,24
'ò,23
)e,23
-ɂ,23
.t,23
/w,23
A',23
Ar,23
Br,23
Dè,23
Dë,23
Eg,23
Iy,23
Mé,23
Në,23
Qi,23
S̱,23
TŦ,23
Ug,23
Wo,23
Xb,23
_x,23
eˈ,23
gd,23
gī,23
iú,23
iλ,23
n/,23
ṇ,23
oš,23
oʕ,23
q-,23
sť,23
sū,23
v?,23
wō,23
wˈ,23
yë,23
èd,23
ùn,23
ùx,23
ùʼ,23
úé,23
įl,23
ōy,23
šn,23
ƛc,23
ƛw,23
ǥu,23
ȼi,23
ȽI,23
ɂé,23
ɫʔ,23
ʷj,23
ʼù,23
ˈi,23
́ǫ,23
̓’,23
̕p,23
̣c,23
̣l,23
̲g,23
̵K,23
λá,23
ᐱᐦ,23
ᒥᐢ,23
ḗd,23
ḗs,23
’r,23
‿i,23
‿ʔ,23
'è,22
(o,22
",Q",22
.d,22
.i,22
.á,22
.ú,22
7),22
Ab,22
DO,22
Dé,22
Lé,22
Sb,22
Sy,22
Tq,22
Uz,22
Va,22
XO,22
Xi,22
Ze,22
c!,22
dw,22
g°,22
i/,22
jù,22
nf,22
nę,22
pχ,22
tʊ,22
wǫ,22
wχ,22
yō,22
"z,",22
ÁÁ,22
áj,22
äc,22
úa,22
üł,22
čč,22
ī̀,22
ıɂ,22
łh,22
ǂs,22
ǰə,22
ɬ?,22
ʔh,22
ʦu,22
ʼ),22
ˈk,22
̄d,22
̨d,22
̲b,22
χ.,22
χƛ,22
ᐦᑭ,22
ᐦᑯ,22
ᒥᐦ,22
ᶿe,22
ḗg,22
Ḥa,22
ẕa,22
’ǎ,22
"!""",21
",K",21
.),21
.”,21
Ej,21
Fr,21
Kn,21
Sē,21
TL,21
Uh,21
aŵ,21
bk,21
dẑ,21
eı,21
e‘,21
jk,21
jā,21
nv,21
o],21
oˈ,21
pθ,21
rë,21
sḗ,21
t=,21
zb,21
¸Ȼ,21
àc,21
"á,",21
è:,21
"é,",21
ìx,21
ì’,21
ïw,21
ú',21
āg,21
č!,21
ıı,21
ȼa,21
ɨn,21
ɫṃ,21
ʔI,21
ˈw,21
́O,21
̓ǧ,21
̕ǂ,21
̣y,21
̨.,21
̨c,21
̨ę,21
̵O,21
ᶻē,21
ᶿt,21
ᶿʊ,21
ḰÁ,21
Ḵa,21
ṃs,21
ṈO,21
ẕí,21
’g,21
"""A",20
"""T",20
'Y,20
(ʼ,20
)m,20
)á,20
*f,20
",3",20
.p,20
/i,20
/ʔ,20
:p,20
Bï,20
Cs,20
Dá,20
Ee,20
LX,20
N7,20
T.,20
Ub,20
X̌,20
[p,20
aá,20
gx,20
gą,20
hṯ,20
kı,20
kḗ,20
lò,20
n=,20
nŝ,20
rì,20
sä,20
sɬ,20
sẕ,20
tų,20
wj,20
wṇ,20
yy,20
yθ,20
·s,20
¸Ŧ,20
áṃ,20
ïd,20
ó',20
úṃ,20
āz,20
ą?,20
ī’,20
įt,20
įą,20
įʼ,20
ıc,20
łú,20
łʦ,20
ŚN,20
ŚÁ,20
ūł,20
ƛá,20
ʊy,20
ʕt,20
ʷr,20
́ḵ,20
̓I,20
̓ì,20
θu,20
ᑭᐢ,20
ẕg,20
’),20
’ò,20
′s,20
₭I,20
ⱡq,20
ⱡw,20
"""n",19
'ᶿ,19
/k,19
:é,19
E',19
Ec,19
Ew,19
Gh,19
"J,",19
Kí,19
Nā,19
Os,19
Ot,19
O₭,19
TU,19
[a,19
aṇ,19
d?,19
dp,19
g!,19
iȼ,19
kȼ,19
lč,19
ḷ,19
mʕ,19
nṃ,19
s],19
tv,19
tū,19
tǂ,19
tṃ,19
uλ,19
wʊ,19
x),19
yè,19
zs,19
zx,19
°i,19
°s,19
¸Ƚ,19
Ë̀,19
éa,19
ër,19
ï.,19
òw,19
"Ć,",19
łí,19
ƛt,19
ǂx,19
əǰ,19
ʼ!,19
ˈq,19
́T,19
́ǧ,19
̌p,19
̌ú,19
̓ḿ,19
̣p,19
̱z,19
ᑐᐦ,19
ᒋᐦ,19
ᓯᐢ,19
ḗn,19
’?,19
′d,19
"""D",18
"""N",18
'ō,18
",U",18
-',18
-r,18
-ʼ,18
.h,18
34,18
IK,18
IȾ,18
K̕,18
LK,18
LL,18
LN,18
Nà,18
S',18
Tʼ,18
UÁ,18
XL,18
_q,18
aẏ,18
bí,18
bù,18
bį,18
gı,18
g’,18
hï,18
jǫ,18
k/,18
mı,18
mǫ,18
mʊ,18
nü,18
o!,18
o̓,18
p¢,18
q!,18
"q,",18
sˈ,18
u(,18
u:,18
vb,18
yü,18
à.,18
á?,18
áẏ,18
äg,18
ëʼ,18
ìy,18
ìł,18
íb,18
òl,18
òs,18
óz,18
ą-,18
ōc,18
ōl,18
ūg,18
ų̀,18
ǧí,18
ȻT,18
ȽS,18
əj,18
ɩl,18
ɫṇ,18
ɬx,18
ʷg,18
̀u,18
́b,18
́ʔ,18
̄i,18
̓K,18
̕χ,18
̱N,18
̲é,18
χč,18
ᐊᔨ,18
ᐢᑕ,18
ᐦᒋ,18
ᐸᐦ,18
ᑭᐦ,18
ᑯᐦ,18
ḥn,18
ḴN,18
ṃ́,18
‘n,18
"""d",17
'ì,17
(S,17
(g,17
*n,17
.x,17
?i,17
Dà,17
Dï,17
EC,17
Hw,17
KU,17
LÍ,17
Ol,17
Qv,17
Sr,17
SṈ,17
S₭,17
UI,17
Um,17
XA,17
Xy,17
_i,17
a;,17
a‘,17
dɨ,17
eó,17
gc,17
hA,17
hš,17
hʊ,17
iè,17
iẏ,17
jé,17
lü,17
lł,17
lχ,17
l‘,17
p!,17
pƛ,17
pṇ,17
qṃ,17
qṇ,17
r!,17
r?,17
rù,17
uȼ,17
uə,17
xx,17
yą,17
°n,17
¸M,17
¸Y,17
ÁȾ,17
Ët,17
éi,17
ì:,17
íj,17
ï',17
č̕,17
ń̩,17
ŚQ,17
ŝd,17
ŝu,17
ƛṃ,17
ǧē,17
ɫk,17
ʔ?,17
́ə,17
̂i,17
̌.,17
̌ʕ,17
̓(,17
̓ɬ,17
̕ḵ,17
̣q,17
̣x,17
̱Í,17
̲w,17
χs,17
ᐦᑲ,17
ᑕᐦ,17
ᓇᐦ,17
ᶿq,17
ḗz,17
ḴA,17
ẕo,17
e,17
""",",16
"""S",16
'E,16
(-,16
(b,16
(f,16
(x,16
)x,16
",5",16
",Y",16
.c,16
22,16
"3,",16
AA,16
Cē,16
Gr,16
Gv,16
Há,16
LH,16
LŦ,16
Mb,16
Mí,16
Nc,16
Nú,16
OK,16
Ow,16
OĆ,16
OṮ,16
PO,16
S.,16
Sú,16
Tg,16
Wē,16
Xu,16
Y¸,16
Yá,16
[s,16
aḻ,16
bj,16
bà,16
dü,16
iə,16
jí,16
j̓,16
kī,16
lǥ,16
lɬ,16
ń,16
oı,16
qⱡ,16
sG,16
vɫ,16
yį,16
·p,16
óg,16
čc,16
ęʔ,16
īé,16
łä,16
łǫ,16
ŚX,16
ǧú,16
ȻN,16
ȻX,16
ȽK,16
ɩj,16
ɫq,16
ʔj,16
ʷh,16
"ʼ,",16
ʼó,16
ʼč,16
ʼę,16
̀r,16
́-,16
́?,16
́ą,16
̈u,16
̓χ,16
̨n,16
̱j,16
̱ī,16
̲ó,16
ᐦᐅ,16
ᐦᑐ,16
ᑭᓯ,16
ᑲᐦ,16
ḥč,16
ḻt,16
ṇk,16
Ṉs,16
—w,16
’ḗ,16
'į,15
)a,15
*k,15
",4",15
",7",15
-A,15
-T,15
"4,",15
:ɬ,15
Ał,15
CE,15
C’,15
Hí,15
I.,15
IP,15
Ic,15
Jë,15
KO,15
Km,15
Lë,15
MÍ,15
Np,15
OQ,15
OȻ,15
"P,",15
PT,15
Po,15
QU,15
Ri,15
Uc,15
WÍ,15
Wā,15
_o,15
aḡ,15
bʔ,15
cg,15
dˈ,15
dḗ,15
eš,15
eʕ,15
gṇ,15
hṇ,15
iì,15
jë,15
kù,15
lù,15
n¢,15
nχ,15
nẑ,15
oɂ,15
p_,15
sǂ,15
zä,15
¸Ś,15
à',15
àg,15
âw,15
ë',15
í́,15
òt,15
"ā,",15
ā-,15
ĆȺ,15
čł,15
īe,15
ı',15
ık,15
ł=,15
łį,15
ťa,15
ųl,15
Ɨt,15
ƛ́,15
ǫk,15
ǫǫ,15
Ⱥ¸,15
ȽN,15
ər,15
ɨh,15
"ʔ,",15
ʕl,15
ʼʕ,15
́ɛ,15
̄’,15
̌̓,15
̓',15
̓_,15
̓¢,15
̣í,15
̨k,15
̩á,15
̱J,15
̱ʼ,15
̲á,15
̵N,15
̵S,15
θɩ,15
χy,15
ᓄᐦ,15
ᶻe,15
ᶿɩ,15
ḱʷ,15
ḴO,15
ḵ(,15
ḵo,15
ḵy,15
ṃp,15
ṇs,15
ṮO,15
ẕ’,15
'r,14
(N,14
(’,14
)c,14
)n,14
",6",14
",8",14
",9",14
/n,14
16,14
"6,",14
"8,",14
"9,",14
:a,14
AL,14
Aj,14
Cá,14
Gg,14
IÁ,14
JO,14
JÁ,14
Kë,14
Ní,14
Pt,14
Sé,14
Tw,14
XN,14
XS,14
_d,14
_p,14
"a""",14
aé,14
dq,14
eḥ,14
gɨ,14
h(,14
k(,14
k=,14
kḷ,14
mà,14
mχ,14
nâ,14
qχ,14
r7,14
"t""",14
tù,14
uŝ,14
wâ,14
xč,14
xλ,14
yǫ,14
yɬ,14
zà,14
¢p,14
¸Ṉ,14
ÁQ,14
Át,14
äʼ,14
"í,",14
ú.,14
úǧ,14
ü',14
üy,14
Āk,14
Ās,14
āʼ,14
ąd,14
ĆN,14
čh,14
čχ,14
ęd,14
įł,14
ıy,14
šš,14
šɬ,14
ťe,14
ūe,14
ūl,14
ǂp,14
ǰe,14
ȼk,14
ȼu,14
ɩq,14
ɫs,14
ɬɬ,14
ʊθ,14
ʔU,14
ʔǧ,14
ʔχ,14
́ʷ,14
́ʼ,14
̱=,14
̱Ȼ,14
θt,14
ᐘᐠ,14
ᐱᐢ,14
ᑮᓯ,14
ᑲᓇ,14
ᓯᐦ,14
ṃí,14
ṕa,14
ẕs,14
’7,14
’ʷ,14
'ā,13
*i,13
",Ḱ",13
-),13
.0,13
/č,13
17,13
24,13
7:,13
7h,13
:ƛ,13
Ao,13
C.,13
Gū,13
Gə,13
Gʷ,13
Hṃ,13
JT,13
K7,13
KA,13
KT,13
Mú,13
N',13
NÍ,13
PU,13
Qá,13
R-,13
Sz,13
Uq,13
"Y,",13
_?,13
aʦ,13
c),13
db,13
eṯ,13
ję,13
lū,13
lθ,13
"n""",13
nθ,13
pɬ,13
pḷ,13
qg,13
q¢,13
sò,13
uχ,13
v̓,13
w_,13
wą,13
y;,13
ÁJ,13
ÁṮ,13
àp,13
äz,13
ìc,13
òʼ,13
õw,13
ön,13
úʼ,13
ē’,13
ęt,13
ęą,13
īl,13
ł?,13
łó,13
ōq,13
ŚK,13
šθ,13
Ɨk,13
ƛɬ,13
ƛʊ,13
ǂ.,13
ǫg,13
ǫʔ,13
ȼx,13
ə′,13
ʔ!,13
ʕk,13
ʕq,13
ʕƛ,13
ʣə,13
ʦe,13
ˈg,13
́á,13
̄ł,13
̌q,13
̕.,13
̨a,13
̵Á,13
̸T,13
θq,13
λu,13
ᐃᑲ,13
ᑌᐦ,13
ᑕᐣ,13
ᒪᐦ,13
ᶿχ,13
ḗh,13
ḡi,13
ḷú,13
ṃn,13
""")",12
"""E",12
(T,12
"),",12
)-,12
)p,12
*y,12
",”",12
-’,12
/h,12
0:,12
14,12
18,12
19,12
33,12
3:,12
4:,12
5:,12
6:,12
8:,12
9:,12
Az,12
IQ,12
Ik,12
Ip,12
IŦ,12
Nm,12
Nō,12
OU,12
Ok,12
PS,12
Ql,12
Qé,12
TA,12
TN,12
Tí,12
TĆ,12
TȺ,12
Uẕ,12
Ve,12
WO,12
Zu,12
[c,12
_ł,12
b.,12
eá,12
eń,12
eẇ,12
h/,12
hO,12
iǰ,12
i‘,12
k_,12
lɩ,12
nṯ,12
tƛ,12
tθ,12
u),12
uŵ,12
wḷ,12
x̓,12
yę,12
yʊ,12
yḗ,12
zì,12
zḷ,12
"Í,",12
Í:,12
áẕ,12
ìg,12
ìr,12
ói,12
ā!,12
ĆU,12
č',12
č́,12
Ēk,12
īk,12
įd,12
łē,12
"š,",12
ťi,12
ŦȽ,12
ųn,12
"ƛ,",12
ƛχ,12
ȺN,12
ə?,12
ɫc,12
ʔą,12
ʔⱡ,12
ʕc,12
ʕn,12
ʕp,12
ʼ?,12
ʼd,12
ʼǫ,12
ˈy,12
̀',12
́j,12
̄e,12
̈l,12
̓A,12
̩a,12
̱ā,12
̱Ⱦ,12
̸P,12
θx,12
λí,12
χq,12
ᐣ᙮,12
ᒋᑫ,12
ᓂᐦ,12
ᓂᑕ,12
ᓯᓇ,12
ḷk,12
ḷṃ,12
ḷṇ,12
ṃk,12
ṇƛ,12
ṈT,12
ẏá,12
ẕú,12
’ä,12
’ō,12
’ə,12
′n,12
‿y,12
ⱡt,12
i,12
)ú,11
-S,11
.q,11
.r,11
13,11
31,11
?a,11
"A,",11
A-,11
Ai,11
BI,11
Gé,11
Hé,11
Id,11
Iʔ,11
JS,11
"K,",11
KS,11
Kú,11
LJ,11
LW,11
Ms,11
Nw,11
Oy,11
PK,11
QS,11
Qí,11
"X,",11
Xv,11
Xz,11
X̲,11
[y,11
_e,11
`i,11
bx,11
bë,11
c_,11
df,11
dč,11
e(,11
gä,11
gì,11
hḷ,11
i`,11
jj,11
jò,11
m/,11
m:,11
p(,11
p=,11
pb,11
pà,11
qɨ,11
s´,11
u=,11
v’,11
wù,11
xṇ,11
yò,11
zù,11
¢n,11
°m,11
¸K,11
¸Ⱦ,11
ÁŚ,11
×̄,11
âs,11
äy,11
è',11
è.,11
èm,11
ë’,11
ùg,11
ùm,11
ĆA,11
Č̓,11
įa,11
įz,11
ḷ́,11
Łg,11
Łą,11
łʼ,11
ōx,11
ŚȾ,11
ƛú,11
ǂʔ,11
ǧṇ,11
ǫc,11
ǫe,11
ɂ!,11
ɛ:,11
ɩy,11
ɩʔ,11
ɫu,11
ɫḷ,11
ʋk,11
ʕe,11
ˈp,11
́Á,11
́ẕ,11
̂̂,11
̄g,11
̄l,11
̄n,11
̌ɛ,11
̍',11
̓Q,11
̓ē,11
̩ú,11
̩̓,11
̱c,11
̸I,11
θs,11
χg,11
χθ,11
ᐊᐢ,11
ᐊᐱ,11
ᐦᑎ,11
ᑐᐢ,11
ᑯᓯ,11
ᓯᐣ,11
ḡu,11
ḥł,11
ḷx,11
ẅs,11
ẑʔ,11
ẕ-,11
’!,11
’ù,11
’ł,11
’ɨ,11
′c,11
,11
!”,10
"""G",10
"""H",10
"""I",10
"""K",10
"""t",10
'ù,10
'ẅ,10
)z,10
)é,10
)í,10
",P",10
-z,10
.f,10
/o,10
/p,10
21,10
26,10
28,10
29,10
32,10
36,10
CH,10
CO,10
Dj,10
Er,10
HÍ,10
IO,10
Kv,10
Ky,10
Kò,10
M.,10
Nó,10
Nə,10
OD,10
Pí,10
QT,10
SU,10
SÍ,10
Tn,10
Tł,10
UL,10
Uṯ,10
Xl,10
Xł,10
Zá,10
_f,10
_u,10
bè,10
cč,10
c̣,10
dƛ,10
dḷ,10
d’,10
fy,10
h‘,10
i;,10
iṯ,10
jɨ,10
kɬ,10
kṇ,10
"l""",10
mï,10
mǥ,10
p),10
pǂ,10
pʕ,10
qʕ,10
qˈ,10
rú,10
ś,10
w],10
wõ,10
w‘,10
x(,10
x=,10
y(,10
z?,10
zą,10
¸Q,10
áṅ,10
èq,10
èy,10
èz,10
ëy,10
ìj,10
ùa,10
ùq,10
úħ,10
ük,10
ĆÍ,10
ĆṈ,10
čθ,10
ęl,10
īʼ,10
ł/,10
ō:,10
ō’,10
śi,10
šh,10
šw,10
ū̀,10
ƛ/,10
ƛí,10
ƛē,10
ǂ¢,10
ǎ’,10
Ǧʷ,10
ɂo,10
ɬc,10
ʕʼ,10
ʼū,10
ˈd,10
̄u,10
̓),10
̣w,10
̣z,10
̩c,10
̩x,10
̱ẕ,10
̲v,10
θk,10
ᐢᑯ,10
ᑕᐢ,10
ᑲᒥ,10
ᓯᒧ,10
ṃa,10
ṃt,10
ṃħ,10
ṃɫ,10
ẅa,10
’E,10
′g,10
"""h",9
'',9
'M,9
'ī,9
(L,9
",Ƚ",9
.A,9
0_,9
27,9
37,9
38,9
39,9
66,9
7ḵ,9
??,9
?ɛ,9
?”,9
AT,9
A̱,9
BT,9
Bl,9
C7,9
Cm,9
DA,9
Dr,9
Dū,9
E?,9
Gl,9
Gá,9
Im,9
IŚ,9
JȻ,9
MT,9
Om,9
PW,9
Ph,9
Ps,9
"Q,",9
QŦ,9
Q̕,9
SB,9
Sō,9
Tm,9
T‍,9
W7,9
Wə,9
Xá,9
XĆ,9
Yä,9
aṁ,9
bg,9
bä,9
bó,9
bı,9
cł,9
cō,9
dō,9
eǥ,9
"h""",9
hE,9
h_,9
iʦ,9
k],9
kj,9
kǝ,9
k̲,9
kẃ,9
l/,9
lṇ,9
"m""",9
mz,9
mä,9
mę,9
mɬ,9
mˈ,9
nλ,9
rx,9
rı,9
sB,9
sM,9
sv,9
sɨ,9
tA,9
tâ,9
tò,9
"w""",9
wɨ,9
xʕ,9
yf,9
´í,9
´ó,9
¸J,9
Én,9
Íl,9
ân,9
är,9
èg,9
éƛ,9
í?,9
íṇ,9
ïk,9
óc,9
ó’,9
úḷ,9
ú’,9
üg,9
üx,9
Āp,9
Ča,9
čɬ,9
ēz,9
ę?,9
ęn,9
į?,9
ım,9
łƛ,9
"Ś,",9
ŝ̂,9
š/,9
ǝ́,9
ǧn,9
ǧḷ,9
ǫl,9
ȽP,9
ȽḴ,9
Ⱦ₭,9
ɫp,9
ʔę,9
ʔǰ,9
ʷǰ,9
ʼh,9
ʼō,9
̌g,9
̌x,9
̌ṇ,9
̓ť,9
̓ɫ,9
̕h,9
̕y,9
̕ʔ,9
̩t,9
̱Q,9
̱U,9
̱Ƚ,9
̱ˈ,9
̲m,9
̲̲,9
̸N,9
̸O,9
"θ,",9
θ?,9
θχ,9
λe,9
λo,9
χc,9
ᐢᑫ,9
ᐦᑿ,9
ᑕᐍ,9
ᑕᐤ,9
ᑭᐣ,9
ᑯᐢ,9
ᑲᑕ,9
ᓂᑲ,9
ᓂᓯ,9
ᔭᐣ,9
ᶿ.,9
ᶿp,9
ḗk,9
ḡ°,9
ḰT,9
ḵp,9
ṃx,9
ṇc,9
Ṉ.,9
ẇá,9
ẕā,9
ẕī,9
—ʔ,9
‘I,9
₭Á,9
ⱡI,9
ⱡm,9
ⱡⱡ,9
"""L",8
"""k",8
"""l",8
'!,8
'ï,8
'õ,8
'ɨ,8
'ʦ,8
(E,8
(r,8
)h,8
*a,8
*e,8
*o,8
*u,8
*ƛ,8
*ʔ,8
",D",8
",J",8
-‘,8
.m,8
/c,8
?ə,8
Au,8
Cr,8
Cí,8
Dú,8
Ea,8
Eł,8
Hä,8
IC,8
JN,8
KÍ,8
Kō,8
L.,8
Lq,8
Mn,8
N?,8
NN,8
NW,8
Nü,8
OÍ,8
PL,8
Pr,8
Pé,8
Pō,8
QN,8
Sā,8
Ty,8
Të,8
Tó,8
UW,8
Yú,8
[o,8
_0,8
_ʔ,8
a_,8
a̲,8
aṃ,8
aṕ,8
aṯ,8
cƛ,8
fs,8
g7,8
g;,8
gë,8
gę,8
h`,8
h́,8
h̲,8
hḿ,8
ií,8
iń,8
jī,8
jʊ,8
kę,8
k̀,8
ḱ,8
lˈ,8
lḗ,8
mü,8
ḿ,8
nˈ,8
nⱡ,8
qθ,8
rj,8
rį,8
sù,8
sƗ,8
sṯ,8
t],8
tṇ,8
tⱡ,8
u/,8
uv,8
uɂ,8
vǧ,8
wę,8
ẅ,8
xē,8
xḷ,8
yī,8
ý,8
zj,8
¢t,8
´á,8
¸Í,8
Á:,8
Ám,8
Ím,8
á_,8
áú,8
âh,8
íǧ,8
ò',8
òd,8
òm,8
óa,8
ôw,8
Ān,8
ą̂,8
ĆX,8
ĆḴ,8
č?,8
Ēs,8
"ē,",8
ēj,8
ęc,8
įg,8
įy,8
į̨,8
ı?,8
Łā,8
łè,8
łł,8
łǧ,8
ńt,8
ŚJ,8
ŚȽ,8
ŚṮ,8
ŝ-,8
ŝn,8
ťk,8
ū’,8
ƛh,8
ƛł,8
ǂy,8
ǎʼ,8
ǟn,8
ǧm,8
ǫ?,8
ǫɂ,8
ǰo,8
ȻL,8
ȻȽ,8
ȽX,8
Ƚs,8
ȾX,8
ɫd,8
ɫl,8
ɫn,8
ɫz,8
ɫǧ,8
ʋx,8
ʔē,8
ʔʊ,8
ʕs,8
ʕx,8
ʷχ,8
́N,8
́í,8
̄!,8
̄ą,8
̄̀,8
̌y,8
̌ē,8
̌ǧ,8
̓ⱡ,8
̩í,8
̱K,8
̱L,8
̱M,8
̱Ḵ,8
̲p,8
̲̓,8
χj,8
χš,8
ᐊᒫ,8
ᐋᐱ,8
ᐢᐠ,8
ᐢᑌ,8
ᐢᑐ,8
ᐢᑿ,8
ᐦᑖ,8
ᐦᑫ,8
ᑌᐣ,8
ᑎᐱ,8
ᑕᒪ,8
ᑫᐤ,8
ᑭᓇ,8
ᑲᐤ,8
ᒋᑲ,8
ᒥᒋ,8
ᒧᐏ,8
ᒪᐢ,8
ᓂᔭ,8
ᓇᐣ,8
ᓴᑊ,8
ᔨᐣ,8
ᶿk,8
ᶿn,8
ḥq,8
ḥƛ,8
ḥʕ,8
Ḵu,8
ḴÍ,8
"ḵ,",8
ḵg,8
ṃi,8
ṓw,8
ṕɛ,8
ṮW,8
ẏs,8
ẑa,8
ẕc,8
ẕó,8
—n,8
‿w,8
ⱡx,8
"""O",7
"""W",7
"""X",7
"""s",7
'(,7
'ɛ,7
(7,7
(D,7
(K,7
(M,7
(q,7
(u,7
*G,7
",₭",7
-I,7
.e,7
.k,7
/l,7
2),7
:χ,7
?e,7
CU,7
Cy,7
Dd,7
Dā,7
Fi,7
Hú,7
Hɛ,7
Hḿ,7
Iá,7
Í,7
IṮ,7
JU,7
Ḵ,7
LM,7
MW,7
MX,7
Mō,7
NG,7
Nj,7
Nè,7
Nì,7
Nï,7
Nł,7
OP,7
Op,7
Or,7
P’,7
Qú,7
SA,7
SS,7
SY,7
Tp,7
TȻ,7
TṈ,7
Uw,7
Ux,7
UȻ,7
Xp,7
Xq,7
XȺ,7
Zú,7
_5,7
_b,7
`a,7
`e,7
aX,7
a`,7
aù,7
aú,7
bc,7
bq,7
bɨ,7
bṇ,7
có,7
dų,7
eĺ,7
gè,7
hf,7
hɨ,7
h•,7
"i""",7
iṁ,7
iṅ,7
ją,7
jį,7
kâ,7
kį,7
lG,7
lš,7
lɨ,7
mâ,7
mè,7
nū,7
nɬ,7
nʦ,7
"o""",7
oλ,7
pƗ,7
ṕ,7
qà,7
q̄,7
r;,7
sL,7
sP,7
sɣ,7
s—,7
t;,7
t̍,7
u;,7
uṅ,7
u•,7
v:,7
vè,7
wA,7
wɩ,7
xı,7
xǫ,7
xɬ,7
zṃ,7
¸A,7
Á.,7
Ák,7
Áy,7
Ëd,7
Ël,7
Ìt,7
àz,7
àǧ,7
áé,7
áí,7
áṁ,7
ä.,7
äs,7
èx,7
éj,7
éĺ,7
é́,7
êh,7
ìa,7
ìz,7
ír,7
íṅ,7
ïg,7
ïy,7
òz,7
ór,7
ù',7
ü.,7
Āh,7
ąt,7
ąz,7
ąʼ,7
čʕ,7
ęg,7
ęj,7
įc,7
ıá,7
Łe,7
Ło,7
ł_,7
łë,7
ōb,7
ōp,7
ŚO,7
ŚḰ,7
ŦN,7
ų.,7
ƛ?,7
ƛl,7
ǟt,7
ǥe,7
ǧà,7
ǫa,7
ǫy,7
ȻȺ,7
ȼq,7
əÌ,7
ɫí,7
ɫú,7
ɬʔ,7
ʊč,7
ʋt,7
ʔ¢,7
ʔš,7
ʼɬ,7
ʼχ,7
̀!,7
̀į,7
́ƛ,7
̌h,7
̓C,7
̱̓,7
̨e,7
̱Ŧ,7
̲‘,7
̵.,7
̵Ć,7
"̸,",7
"χ,",7
ᐅᐦ,7
ᐊᓱ,7
ᐏᕀ,7
ᐘᐢ,7
ᐚᐸ,7
ᐱᓯ,7
ᑕᐘ,7
ᑲᐏ,7
ᑲᓂ,7
ᑿᐣ,7
ᒣᑕ,7
ᒪᐣ,7
ᒪᓯ,7
ᓅᐦ,7
ᓇᐤ,7
ᓯᑲ,7
ᓱᐏ,7
ᔨᐦ,7
ᔭᐤ,7
ḰȽ,7
ḵl,7
ḵ̱,7
ḻa,7
ṇa,7
ṇṃ,7
ṮĆ,7
ẑn,7
ẕb,7
’W,7
’z,7
’ʔ,7
’,7
“N,7
“S,7
”.,7
…-,7
′q,7
′t,7
h,7
"""B",6
"""U",6
"""a",6
"""b",6
"""g",6
"""w",6
'×,6
'ē,6
'ṓ,6
(F,6
(J,6
)d,6
)i,6
)u,6
*B,6
*v,6
",.",6
",Ⱥ",6
--,6
-L,6
.’,6
/a,6
/m,6
/x,6
7A,6
7g,6
7ó,6
:o,6
AN,6
Bḷ,6
CL,6
Cé,6
FI,6
Hë,6
Hó,6
Iw,6
Ix,6
I₭,6
Iⱡ,6
Jì,6
Kì,6
Lt,6
LȺ,6
MN,6
MQ,6
MU,6
Mt,6
Mä,6
Mə,6
N-,6
Nn,6
Nù,6
NṈ,6
OR,6
OȾ,6
PA,6
Pā,6
QȺ,6
S),6
S?,6
Sò,6
Tū,6
UC,6
Uj,6
WN,6
WS,6
Wé,6
X.,6
Xt,6
Xé,6
Xí,6
Zi,6
\s,6
bd,6
bw,6
bì,6
bą,6
bḷ,6
cd,6
d/,6
dǎ,6
e[,6
eí,6
eŵ,6
eλ,6
gk,6
hʕ,6
hṓ,6
iä,6
iò,6
iʣ,6
iṇ,6
j.,6
kr,6
kæ,6
kθ,6
mA,6
m],6
m_,6
mf,6
mī,6
mƗ,6
m̱,6
mḷ,6
mṓ,6
oé,6
pA,6
pǰ,6
pʊ,6
qè,6
q̀,6
sA,6
sC,6
sï,6
ṣ,6
sḱ,6
t/,6
t:,6
tf,6
tï,6
uA,6
uù,6
uý,6
uǰ,6
uʦ,6
ų,6
vz,6
vḻ,6
wï,6
wò,6
wī,6
xǧ,6
yA,6
yâ,6
yǟ,6
yǰ,6
y̱,6
zḗ,6
°u,6
¸Ṯ,6
Á7,6
ÁD,6
ÁK,6
Ál,6
ÁŦ,6
Äh,6
Ä̀,6
Ìí,6
Ó:,6
Út,6
àm,6
áλ,6
äm,6
éo,6
éá,6
éɬ,6
é̱,6
ëb,6
ì',6
ìv,6
íħ,6
ïi,6
ïm,6
ò.,6
òg,6
ąl,6
ąm,6
Ču,6
ęł,6
ěʼ,6
ī!,6
īc,6
īz,6
įk,6
ĺc,6
ĺe,6
Łi,6
ł!,6
łū,6
ńa,6
ṇ́,6
Ōh,6
ō.,6
ōg,6
ŚP,6
š?,6
šť,6
šǰ,6
šʕ,6
ťq,6
ūj,6
Ɨs,6
ƛƛ,6
ǥo,6
ǧì,6
ǫs,6
ǫé,6
ǫą,6
ǰa,6
"Ⱥ,",6
ȺX,6
ȻA,6
ȻU,6
ȽŚ,6
ȾS,6
ɂó,6
"ə,",6
ɣə,6
ɩǰ,6
ɫg,6
ɬg,6
ʊƛ,6
ʊʔ,6
ʔƏ,6
ʔǫ,6
ʔṃ,6
ʔṇ,6
ʕm,6
ʕə,6
ʣa,6
ʷ̓,6
ʼ:,6
ˈḡ,6
̀?,6
̀v,6
̀ì,6
̀ǫ,6
́L,6
̈',6
̈m,6
̈ʼ,6
̌ṃ,6
̓/,6
̓T,6
̓ń,6
̓ȼ,6
̓̌,6
̓ḥ,6
̓ḻ,6
̣é,6
̣ƛ,6
̨g,6
̩u,6
̱q,6
̱è,6
̱Ṯ,6
̲7,6
θm,6
ᐊᐘ,6
ᐊᐸ,6
ᐊᓂ,6
ᐍᔨ,6
ᐏᓂ,6
ᐘᑲ,6
ᐘᓯ,6
ᐢᐱ,6
ᐦᐁ,6
ᐦᑵ,6
ᐱᑕ,6
ᑌᐤ,6
ᑎᐣ,6
ᑎᓯ,6
ᑕᐏ,6
ᑖᐣ,6
ᑭᑐ,6
ᑭᓄ,6
ᑭᓭ,6
ᑯᒼ,6
ᒋᓱ,6
ᒥᓂ,6
ᒥᔪ,6
ᒪᐤ,6
ᓃᐱ,6
ᓇᐘ,6
ᔨᒧ,6
ᶿ̓,6
ḡn,6
ḥḥ,6
ḴȺ,6
ḻí,6
ṅu,6
ṮP,6
ẇa,6
ẑb,6
’b,6
’’,6
“K,6
•d,6
•n,6
′k,6
′p,6
ⱡs,6
!!,5
"""'",5
"""Y",5
"""ʔ",5
(1,5
(v,5
)/,5
)7,5
)g,5
)w,5
*D,5
*N,5
*č,5
",z",5
-G,5
-ł,5
.',5
./,5
.C,5
.o,5
.ƛ,5
/T,5
/d,5
/e,5
/g,5
/q,5
/ƛ,5
/ʕ,5
1),5
44,5
54,5
7;,5
:g,5
<a,5
A.,5
AM,5
AS,5
Aq,5
A’,5
Bá,5
CI,5
Cn,5
Cp,5
Dì,5
Dù,5
Dǫ,5
Də,5
D̲,5
Dẑ,5
E),5
Ex,5
Ez,5
Fa,5
Fo,5
Gï,5
I7,5
Jä,5
KB,5
KN,5
Kt,5
Kx,5
Kä,5
Kł,5
L',5
LD,5
Lú,5
LŚ,5
MA,5
MP,5
Mó,5
Mę,5
Nī,5
NŦ,5
Nǫ,5
O',5
O?,5
Oc,5
O’,5
PÍ,5
Qo,5
Qp,5
Qʷ,5
Q’,5
Ru,5
SC,5
Sä,5
Só,5
U.,5
UD,5
Vo,5
WA,5
Wn,5
Wǫ,5
XP,5
XÍ,5
XȽ,5
Xʷ,5
YT,5
Yē,5
]?,5
_1,5
_r,5
_v,5
`ë,5
a*,5
a1,5
aý,5
b!,5
bh,5
bʕ,5
bṃ,5
cà,5
cṇ,5
"e""",5
eḱ,5
eṁ,5
eṅ,5
eẏ,5
fı,5
g/,5
gq,5
gʊ,5
gḗ,5
gṃ,5
hč,5
hǜ,5
hɩ,5
h…,5
iÌ,5
iù,5
iẅ,5
i—,5
jó,5
kA,5
k`,5
kf,5
lE,5
lô,5
lõ,5
lƛ,5
lʦ,5
lḕ,5
mì,5
mṇ,5
n>,5
nK,5
nǥ,5
o/,5
ǫ,5
p/,5
pE,5
pˈ,5
qƗ,5
rų,5
sD,5
t1,5
t5,5
tå,5
tƗ,5
tǧ,5
tʦ,5
tˈ,5
t̀,5
uı,5
"v,",5
w;,5
wô,5
wų,5
w̱,5
wλ,5
wṓ,5
x:,5
xṃ,5
yr,5
zp,5
zō,5
zǭ,5
~t,5
~x,5
°d,5
·w,5
¸B,5
¸D,5
¸Ⱥ,5
¸₭,5
ÁI,5
ÁY,5
Án,5
Ás,5
Áw,5
Ät,5
Ìc,5
ÍK,5
ÍO,5
ÍT,5
Ís,5
Úq,5
àb,5
á!,5
áń,5
áγ,5
âk,5
âp,5
ä',5
å7,5
æp,5
èc,5
èj,5
èw,5
é!,5
éb,5
ëw,5
ë̌,5
ì.,5
ìǧ,5
íí,5
íĺ,5
"ó,",5
óó,5
óʕ,5
ôs,5
ùy,5
ú?,5
úɂ,5
ü=,5
āẕ,5
ąs,5
Či,5
čl,5
Ēt,5
Ēw,5
ēb,5
ęa,5
ęɂ,5
"į,",5
įj,5
ız,5
ĺt,5
Ły,5
łì,5
łù,5
ŚL,5
ŚḴ,5
šj,5
šχ,5
ųe,5
ųm,5
ŵu,5
ŸE,5
Əl,5
ǎi,5
ǜr,5
ǫ̨,5
ȺL,5
ȼt,5
ȾȽ,5
ɂǝ,5
əʕ,5
ɣp,5
ɩθ,5
ɫi,5
ɬ(,5
ʋn,5
ʔḵ,5
ʕč,5
ʣi,5
ˈe,5
ˈo,5
́!,5
́I,5
́r,5
́ɩ,5
́ʕ,5
̂.,5
̄',5
̄t,5
̌?,5
̌z,5
̌ɩ,5
̌’,5
"̓""",5
̓ḡ,5
̕o,5
̓̕,5
"̣,",5
̣ú,5
̣ł,5
̣̓,5
̨z,5
̩d,5
̱!,5
̱(,5
̱D,5
̱ʦ,5
̲?,5
γa,5
θn,5
θʔ,5
χw,5
ᐃᐢ,5
ᐃᑐ,5
ᐊᐦ,5
ᐊᓴ,5
ᐊᔭ,5
ᐋᐢ,5
ᐋᐦ,5
ᐍᐦ,5
ᐏᓇ,5
ᐘᐦ,5
ᐘᑎ,5
ᐘᒋ,5
ᐘᓱ,5
ᐢᑎ,5
ᐢᒋ,5
ᐦᐏ,5
ᐦᑳ,5
ᐯᐦ,5
ᐱᐣ,5
ᑎᒥ,5
ᑕᒁ,5
ᑕᒥ,5
ᑫᔨ,5
ᑭᓂ,5
ᑯᑕ,5
ᑿᐢ,5
ᑿᐦ,5
ᒋᐠ,5
ᒥᑕ,5
ᒥᓇ,5
ᒥᓯ,5
ᓀᐦ,5
ᓂᐱ,5
ᓂᑯ,5
ᓂᒪ,5
ᓯᐠ,5
ᓯᐤ,5
ᓱᐣ,5
ᓴᐠ,5
ᓴᐦ,5
ḗʼ,5
ḡm,5
ḥe,5
ḥh,5
ḥ̣,5
"Ḱ,",5
ḰN,5
ḰȺ,5
ḱe,5
ḱw,5
ḷi,5
ṁá,5
ṇg,5
Ṉ?,5
ṈA,5
ṈN,5
ṈȻ,5
ṮŚ,5
ṮḴ,5
ẁa,5
ẃ-,5
ẅt,5
ẏt,5
ẑq,5
ẕl,5
ẕá,5
‘w,5
’Ë,5
’ų,5
’,5
…t,5
′ł,5
‿ƛ,5
ⱡȼ,5
ⱡʔ,5
h,5
"""M",4
"""Q",4
"""c",4
"""m",4
"""o",4
"""Í",4
"""Ł",4
"""Ḵ",4
'/,4
'K,4
'ū,4
'•,4
(',4
(2,4
(B,4
(W,4
(ƛ,4
)!,4
)ʔ,4
*M,4
*W,4
*j,4
",Í",4
",ʔ",4
-B,4
-K,4
-N,4
-Y,4
-ą,4
-š,4
-…,4
.(,4
".,",4
.b,4
2_,4
7(,4
77,4
7o,4
:θ,4
AD,4
AU,4
AW,4
AY,4
Aḵ,4
AṮ,4
BS,4
Bé,4
DX,4
Dm,4
Dò,4
Dó,4
Dī,4
DȺ,4
Dɨ,4
Dᶻ,4
E-,4
EO,4
Ep,4
Ev,4
E’,4
Gí,4
Gù,4
Gú,4
Gü,4
Gē,4
Gń,4
Gų,4
HA,4
HU,4
Hǫ,4
Hə,4
ID,4
IJ,4
Iz,4
Kp,4
Kà,4
Kè,4
LY,4
Lk,4
Lx,4
LȽ,4
L̓,4
Mm,4
My,4
Mï,4
NH,4
NQ,4
Nê,4
NĆ,4
O.,4
OB,4
OF,4
O̲,4
Pv,4
PḰ,4
Q7,4
QÍ,4
RA,4
RD,4
SZ,4
Sü,4
Sǫ,4
Sə,4
T7,4
TK,4
TÍ,4
Tą,4
Tē,4
Tī,4
TŚ,4
U7,4
Ue,4
Up,4
XD,4
Xg,4
Xm,4
Xo,4
XŦ,4
Xɛ,4
XḴ,4
Yë,4
YȺ,4
Yə,4
ZI,4
Zo,4
Zí,4
\l,4
]p,4
]t,4
_8,4
`n,4
`o,4
aĺ,4
ať,4
aṅ,4
aẃ,4
a—,4
b',4
bp,4
bǎ,4
c(,4
c],4
cɩ,4
cɫ,4
cˈ,4
d!,4
"d""",4
dE,4
dê,4
dǝ,4
dʼ,4
dḕ,4
dḵ,4
e;,4
ę,4
eḿ,4
f.,4
gù,4
gĺ,4
gˈ,4
h;,4
h´,4
hâ,4
hü,4
hǎ,4
iā,4
ią,4
iĺ,4
iḱ,4
jy,4
jū,4
kE,4
kü,4
kƗ,4
l`,4
lå,4
lť,4
lų,4
ĺ,4
lṓ,4
lẑ,4
mE,4
m~,4
m¢,4
më,4
mą,4
mǎ,4
mλ,4
n;,4
n`,4
ně,4
nʊ,4
nḻ,4
o(,4
o`,4
oá,4
q´,4
qì,4
r>,4
sT,4
s~,4
sǰ,4
sʊ,4
sʷ,4
sλ,4
s”,4
s…,4
s,4
t`,4
uę,4
uĺ,4
vλ,4
vḿ,4
wǟ,4
wʕ,4
wḗ,4
xʼ,4
xᵂ,4
xḥ,4
y/,4
y:,4
yE,4
y¢,4
yų,4
yɨ,4
yṃ,4
zE,4
zʕ,4
~s,4
¢w,4
°e,4
°g,4
°ˈ,4
´l,4
ÁḴ,4
Í7,4
ÍN,4
ÍS,4
Íq,4
Ít,4
ÍḴ,4
Ól,4
Úl,4
àj,4
á́,4
á̓,4
áḷ,4
âa,4
äb,4
ål,4
åm,4
è?,4
èł,4
éẕ,4
ë.,4
ìq,4
íɬ,4
íʕ,4
íλ,4
íẏ,4
ò’,4
ó-,4
ó7,4
õ:,4
õl,4
õq,4
õx,4
ù.,4
ùb,4
ùj,4
"ú,",4
ür,4
üw,4
Āw,4
āj,4
Ą̀,4
ąg,4
ąk,4
ąɂ,4
ĆK,4
Ēy,4
ē!,4
Ę̀,4
ę-,4
ħi,4
"ī,",4
ī-,4
īj,4
īẕ,4
Įł,4
įé,4
įʔ,4
ı!,4
ĺq,4
ĺ̩,4
Łë,4
ł(,4
łv,4
łà,4
łī,4
łō,4
łḵ,4
ŚA,4
ŚD,4
ŚM,4
ŚU,4
ŚȻ,4
Ś₭,4
ŝl,4
šl,4
ŦK,4
ūʼ,4
ūẕ,4
ųa,4
ųt,4
ųz,4
ųł,4
ųų,4
ųɂ,4
ǂ_,4
ǧù,4
ǫ-,4
ǭ́,4
ǰʊ,4
ǹt,4
ȺI,4
ȻW,4
ȻÍ,4
ȻŦ,4
"Ƚ,",4
Ƚ?,4
ȽÍ,4
ȽḰ,4
ȾU,4
ȾḴ,4
ɂą,4
ə',4
əṣ,4
ɫ:,4
ɫb,4
ɬl,4
ɬƛ,4
ʊq,4
ʔį,4
ʔɨ,4
ʕł,4
ʷ(,4
ʷÌ,4
ʷť,4
ʷλ,4
ʼǜ,4
̀ł,4
̀ʷ,4
́ħ,4
́ī,4
̂n,4
̂’,4
"̄,",4
̄o,4
̄ʼ,4
̄ˈ,4
̌à,4
̓M,4
̕g,4
̕r,4
̣g,4
̣č,4
̣́,4
̣ḿ,4
̣ṣ,4
̨?,4
̩k,4
̩m,4
̩z,4
̩ḿ,4
̱Y,4
̱à,4
̱Ś,4
̲ę,4
̵Ḵ,4
χ?,4
χp,4
ᐁᐏ,4
ᐁᐤ,4
ᐁᑎ,4
ᐁᑯ,4
ᐁᑲ,4
ᐁᑿ,4
ᐃᑫ,4
ᐅᑕ,4
ᐅᓴ,4
ᐊᑐ,4
ᐊᑭ,4
ᐊᑲ,4
ᐍᐤ,4
ᐍᐱ,4
ᐏᑭ,4
ᐘᐣ,4
ᐘᐸ,4
ᐢᑮ,4
ᐢᑳ,4
ᐢᑵ,4
ᐣᓯ,4
ᐦᐟ,4
ᐦᑊ,4
ᐦᒐ,4
ᐦᒫ,4
ᐱᒥ,4
ᐱᓱ,4
ᐳᕀ,4
ᐸᐢ,4
ᐸᒋ,4
ᐸᒥ,4
ᐸᒪ,4
ᐸᔨ,4
ᑌᔨ,4
ᑎᐦ,4
ᑎᒼ,4
ᑕᐸ,4
ᑕᑐ,4
ᑕᑕ,4
ᑕᑯ,4
ᑕᒫ,4
ᑕᒼ,4
ᑕᓇ,4
ᑖᓂ,4
ᑭᑭ,4
ᑭᒪ,4
ᑭᓴ,4
ᑲᐘ,4
ᑲᐢ,4
ᑲᓯ,4
ᑲᔭ,4
ᑳᐣ,4
ᑳᐤ,4
ᑿᓂ,4
ᑿᔭ,4
ᒣᐢ,4
ᒣᑿ,4
ᒥᐣ,4
ᒥᑭ,4
ᒥᓴ,4
ᒦᒋ,4
ᒧᐢ,4
ᒧᐦ,4
ᒧᓱ,4
ᒫᐘ,4
ᒫᑯ,4
ᒫᑲ,4
ᓂᑐ,4
ᓂᑭ,4
ᓂᓴ,4
ᓃᒥ,4
ᓯᐏ,4
ᓯᐟ,4
ᓯᒼ,4
ᓯᓯ,4
ᓰᐦ,4
ᓱᐤ,4
ᓲᓂ,4
ᓴᐘ,4
ᔨᒪ,4
ᔭᐢ,4
ᔭᐦ,4
ᔭᒥ,4
ᔮᐣ,4
ᶿs,4
ᶿč,4
ḕs,4
Ḵi,4
ḵẃ,4
ḷu,4
ḻe,4
ḻv,4
ṃc,4
ṃṇ,4
ṅt,4
ṅá,4
ṅí,4
ṇɫ,4
ṓl,4
ṮA,4
ṮL,4
Ṯ₭,4
ẃe,4
ẃl,4
ẏc,4
ẑɨ,4
—h,4
‘C,4
’ḡ,4
’,4
“E,4
“T,4
“s,4
•y,4
…k,4
′y,4
₭Í,4
ⱡ?,4
ⱡh,4
a,4
q,4
!»,3
!—,3
"""C",3
"""f",3
"""u",3
"""x",3
"""y",3
"""č",3
"'""",3
'),3
'Ë,3
'ô,3
'č,3
'ʼ,3
'̓,3
'̱,3
'’,3
"(""",3
(0,3
(3,3
(G,3
(P,3
(_,3
)_,3
*',3
*E,3
*I,3
",,",3
",’",3
-D,3
-E,3
-M,3
-P,3
-Q,3
-ā,3
-ē,3
-ę,3
-ẑ,3
.;,3
.O,3
.S,3
.],3
.í,3
/',3
/N,3
/ó,3
/š,3
3),3
3-,3
3_,3
49,3
7å,3
7”,3
::,3
<n,3
AH,3
AP,3
A_,3
Av,3
Aì,3
Aó,3
Á,3
B',3
BA,3
BN,3
CA,3
CK,3
CT,3
CV,3
Cg,3
DQ,3
DU,3
DÍ,3
Dą,3
ER,3
F],3
Fe,3
Fl,3
Fu,3
G),3
GU,3
Gā,3
Gǫ,3
Hē,3
I:,3
Ib,3
Iq,3
Ir,3
I·,3
Ió,3
Ił,3
I̓,3
I’,3
J),3
JA,3
JÍ,3
Jí,3
Ję,3
KP,3
Kó,3
Kù,3
Kī,3
KŚ,3
Kū,3
Kǫ,3
KȺ,3
Kḗ,3
L?,3
LP,3
LQ,3
Ls,3
Là,3
Ló,3
Lǧ,3
Lə,3
LḰ,3
M7,3
MY,3
M],3
Mc,3
Mk,3
Mr,3
Mà,3
MĆ,3
MȻ,3
MȾ,3
Mɛ,3
N),3
NA,3
NX,3
Ną,3
Nę,3
Nį,3
NḴ,3
O),3
OH,3
OI,3
OJ,3
OY,3
Od,3
Oi,3
Ou,3
OḴ,3
Px,3
Pł,3
Q.,3
QA,3
Qm,3
QȽ,3
Qə,3
Q́,3
RE,3
Rh,3
Ss,3
Sï,3
Sù,3
Sų,3
SȺ,3
TT,3
Tå,3
Tì,3
TȽ,3
Tə,3
U',3
UA,3
UB,3
UK,3
UP,3
Ua,3
WL,3
Wr,3
Wù,3
XM,3
Xə,3
XṮ,3
YA,3
YM,3
Yx,3
Yà,3
Yï,3
Yó,3
Zé,3
[F,3
[M,3
"],",3
]k,3
]x,3
_),3
_á,3
_ə,3
`k,3
`l,3
`u,3
aT,3
aɩ,3
aʣ,3
aʷ,3
a˛,3
aẇ,3
a…,3
bA,3
bč,3
bō,3
bḗ,3
b’,3
cK,3
cë,3
cī,3
c̀,3
cḷ,3
dI,3
dv,3
dǥ,3
e1,3
eú,3
eē,3
eľ,3
eť,3
eǫ,3
eʦ,3
e…,3
fc,3
fm,3
g(,3
gz,3
gŵ,3
ǧ,3
hT,3
hƛ,3
hǧ,3
hɫ,3
hʋ,3
h̀,3
iK,3
i_,3
iý,3
iħ,3
iɣ,3
iẇ,3
i…,3
"j""",3
j?,3
jm,3
jn,3
jw,3
k;,3
k~,3
kì,3
kǒ,3
kǧ,3
kɨ,3
kʊ,3
kʸ,3
lA,3
lḡ,3
lḿ,3
m;,3
mO,3
mò,3
mʣ,3
mḡ,3
n~,3
nê,3
nń,3
nų,3
nǰ,3
nǹ,3
nʣ,3
nḡ,3
nḿ,3
o=,3
oó,3
oŝ,3
oǥ,3
o‘,3
pù,3
q(,3
q),3
q/,3
q~,3
r/,3
rV,3
sJ,3
sK,3
sR,3
sS,3
sf,3
sɫ,3
s̸,3
sṕ,3
s•,3
sⱡ,3
t4,3
t>,3
tě,3
tɂ,3
tɬ,3
tʋ,3
t”,3
u…,3
vĺ,3
w=,3
wE,3
wı,3
wǂ,3
ẃ,3
xH,3
xr,3
xà,3
"y""",3
y],3
yz,3
yḷ,3
yṇ,3
z!,3
zʔ,3
«Í,3
°p,3
°z,3
°’,3
·.,3
·ȼ,3
·ⱡ,3
¸;,3
¸P,3
Àg,3
Á?,3
ÁB,3
ÁC,3
Áh,3
Áp,3
Él,3
Ën,3
ÍB,3
ÍL,3
Íc,3
Íx,3
ÍȻ,3
Óh,3
Ón,3
Úx,3
à!,3
àu,3
àà,3
àə,3
"á""",3
áó,3
áɬ,3
ââ,3
ä̌,3
é?,3
é̓,3
ìe,3
ìu,3
í(,3
íu,3
íé,3
íč,3
íṁ,3
íṃ,3
ïo,3
ò?,3
ó?,3
ój,3
óÌ,3
óá,3
óé,3
óı,3
ół,3
óḻ,3
ôm,3
ôq,3
ù:,3
ùc,3
ùr,3
ù’,3
úi,3
úı,3
úĺ,3
úḿ,3
úṇ,3
üu,3
āa,3
āb,3
"ą,",3
ąc,3
ąį,3
ął,3
Ć.,3
Ća,3
Ćs,3
ĆȻ,3
ĆḰ,3
č),3
čg,3
Ēd,3
ēʼ,3
"ę,",3
ęk,3
ęz,3
ęʼ,3
ħḷ,3
īp,3
ī̂,3
Įh,3
į',3
įi,3
"ı,",3
ı̀,3
ĺn,3
ĺs,3
Łä,3
Łè,3
Łē,3
Łį,3
Łō,3
łj,3
łę,3
łų,3
łǥ,3
ł̓,3
ńc,3
ō-,3
ōł,3
ŚS,3
ŚÍ,3
śu,3
ŝɨ,3
Ŧ.,3
ŦA,3
ŦQ,3
ŦU,3
ŦÍ,3
ŦḴ,3
Ūn,3
ūz,3
ųc,3
ųę,3
ų̨,3
Ɨp,3
ƛ!,3
ƛ),3
ǂ-,3
ǎì,3
ǎə,3
ǟk,3
ǟw,3
Ǧi,3
Ǫk,3
ǫ',3
"ǫ,",3
ǫj,3
ǫm,3
Ǹd,3
ǹl,3
Ⱥ.,3
ȺM,3
ȺȺ,3
Ȼs,3
ȻȾ,3
ȼ.,3
ȼn,3
ȼⱡ,3
ȽB,3
ȽL,3
ȾK,3
ȾḰ,3
ɂu,3
ə),3
əɣ,3
ɛa,3
ɣé,3
ɫe,3
ɫƛ,3
ɫḿ,3
ɬθ,3
ʊχ,3
ʔO,3
ʔz,3
ʔ́,3
ʕy,3
ʕí,3
ʷʷ,3
ʼî,3
ʼü,3
ʼǟ,3
ʼṓ,3
ˈ°,3
̀-,3
̀o,3
̀ą,3
́ʊ,3
̣́,3
̨́,3
́ḻ,3
̂-,3
̂a,3
̂t,3
̄m,3
̄ʷ,3
̈̂,3
̌G,3
̌ù,3
̌ł,3
̌̌,3
̓N,3
̓P,3
̓W,3
̓[,3
̓j,3
̓ǰ,3
̓ʋ,3
̓ḵ,3
̣!,3
̣?,3
̣o,3
̣ʕ,3
̣̣,3
̨!,3
̨o,3
̨ó,3
̨ą,3
̨ł,3
̨̀,3
̨̄,3
̨̨,3
̩g,3
̩ɫ,3
̱X,3
̱Ⱥ,3
̱ʔ,3
̱Ḱ,3
"̲,",3
̲q,3
̲ʔ,3
̲ṯ,3
̵P,3
̸h,3
θš,3
θʊ,3
λú,3
λē,3
λṃ,3
χu,3
χʔ,3
ᐁᑭ,3
ᐁᓂ,3
ᐃᐦ,3
ᐃᑕ,3
ᐃᔭ,3
ᐅᐢ,3
ᐅᑭ,3
ᐅᓇ,3
ᐊᑎ,3
ᐊᑕ,3
ᐊᑿ,3
ᐊᒋ,3
ᐊᓯ,3
ᐋᐸ,3
ᐋᑲ,3
ᐏᐢ,3
ᐏᐦ,3
ᐏᓯ,3
ᐏᔭ,3
ᐑᐦ,3
ᐑᑎ,3
ᐘᐤ,3
ᐢᒁ,3
ᐢᒐ,3
ᐦᐋ,3
ᐦᐱ,3
ᐦᐸ,3
ᐦᑤ,3
ᐦᒁ,3
ᐦᒉ,3
ᐯᐤ,3
ᐱᐤ,3
ᐱᐳ,3
ᐱᒋ,3
ᐱᔦ,3
ᐱᕀ,3
ᐲᐦ,3
ᐳᐢ,3
ᐳᐣ,3
ᐸᑯ,3
ᐸᑿ,3
ᑌᐸ,3
ᑌᒼ,3
ᑌᔭ,3
ᑐᐏ,3
ᑐᐘ,3
ᑐᐤ,3
ᑐᒋ,3
ᑐᓴ,3
ᑕᑭ,3
ᑖᐤ,3
ᑖᐦ,3
ᑫᐢ,3
ᑫᑲ,3
ᑭᑌ,3
ᑭᑎ,3
ᑭᑲ,3
ᑭᑿ,3
ᑭᒧ,3
ᑭᔭ,3
ᑯᐘ,3
ᑯᑌ,3
ᑯᑢ,3
ᑯᓇ,3
ᑲᐨ,3
ᑲᒣ,3
ᑲᔮ,3
ᑳᐦ,3
ᑿᑭ,3
ᑿᓇ,3
ᒁᑲ,3
ᒉᐦ,3
ᒣᔨ,3
ᒥᐍ,3
ᒧᐤ,3
ᒪᐏ,3
ᒪᐘ,3
ᒪᑫ,3
ᓀᐓ,3
ᓀᐤ,3
ᓂᒥ,3
ᓂᓅ,3
ᓂᕀ,3
ᓃᐏ,3
ᓃᑭ,3
ᓃᑲ,3
ᓇᐠ,3
ᓇᐯ,3
ᓇᒪ,3
ᓭᐘ,3
ᓯᐻ,3
ᓯᑕ,3
ᓯᑳ,3
ᓯᓂ,3
ᓱᐘ,3
ᓱᒼ,3
ᓴᐳ,3
ᔦᓯ,3
ᔨᐍ,3
ᔨᑭ,3
ᔨᓯ,3
ᔪᐢ,3
ᔭᐍ,3
ᶿš,3
ᶿǰ,3
ḕ.,3
ḕn,3
Ḥu,3
ḥ),3
"ḥ,",3
ḥo,3
ḰS,3
ḰŦ,3
ḱa,3
ḱɛ,3
ḴB,3
ḴX,3
ḴŦ,3
ḵn,3
ḿt,3
ṁc,3
ṁx,3
ṃl,3
ṅs,3
ṇ.,3
ṇq,3
ṓd,3
ṓn,3
ṓq,3
ṓs,3
ṓx,3
ṕu,3
ṕə,3
ṣk,3
ṣu,3
ṮQ,3
ẃa,3
ẃi,3
ẅł,3
ẏa,3
ẏi,3
ẏx,3
ẏí,3
ẑd,3
ẑg,3
–(,3
‘E,3
‘N,3
‘k,3
‘m,3
‘y,3
’P,3
’ï,3
“A,3
“C,3
“D,3
“L,3
“W,3
“Y,3
“k,3
“n,3
•t,3
….,3
′w,3
′ƛ,3
₭N,3
₭S,3
ⱡ-,3
’,3
,3
k,3
n,3
t,3
!),2
!;,2
!?,2
"""?",2
"""P",2
"""e",2
"""i",2
"""ó",2
"""ł",2
"""ḵ",2
'G,2
'H,2
'T,2
'X,2
'š,2
'ǝ,2
'ʷ,2
'ᐸ,2
(?,2
(H,2
(V,2
(X,2
(Y,2
(č,2
")""",2
):,2
)à,2
*ł,2
",C",2
",č",2
",χ",2
-H,2
-J,2
-O,2
-R,2
-ë,2
-č,2
-ȼ,2
-̱,2
-ẕ,2
.B,2
.v,2
.»,2
.̓,2
.̱,2
/O,2
/R,2
/[,2
/b,2
/f,2
/u,2
/y,2
1a,2
1m,2
4),2
42,2
43,2
5),2
56,2
5_,2
60,2
65,2
7',2
70,2
7I,2
7U,2
7î,2
7́,2
80,2
85,2
86,2
:.,2
:?,2
:c,2
:j,2
:í,2
:ó,2
:č,2
:š,2
<e,2
<v,2
=a,2
?',2
"?,",2
?o,2
?t,2
?u,2
?y,2
AC,2
AZ,2
Af,2
AĆ,2
Aƛ,2
AȻ,2
AȽ,2
Aə,2
Aʼ,2
A̓,2
B.,2
BC,2
BL,2
BÁ,2
Bä,2
BȽ,2
Bə,2
B’,2
CM,2
CW,2
CÁ,2
Cë,2
Cù,2
CȾ,2
Cə,2
C̀,2
Cṇ,2
"D,",2
DJ,2
Dí,2
DĆ,2
Dō,2
Dḗ,2
Dẕ,2
E!,2
EI,2
Eb,2
É,2
FF,2
FM,2
FO,2
GE,2
GW,2
Gó,2
Gą,2
Gō,2
G̓,2
H',2
H),2
HH,2
HR,2
Hì,2
Hï,2
Hā,2
Hę,2
I-,2
I?,2
IA,2
IG,2
IH,2
IV,2
Ig,2
Jù,2
Jā,2
Ją,2
JȺ,2
KW,2
KX,2
K_,2
Kb,2
Kr,2
Kų,2
Kə,2
Kɛ,2
LB,2
Ln,2
Lè,2
Lï,2
Lı,2
Lḿ,2
L₭,2
M),2
MC,2
MD,2
MH,2
Mx,2
Mù,2
Mǟ,2
Mǫ,2
N/,2
ND,2
NK,2
NY,2
Nr,2
Nı,2
Nū,2
N’,2
OA,2
OC,2
OZ,2
Of,2
Ov,2
OŚ,2
P7,2
PH,2
PX,2
Py,2
PĆ,2
PŚ,2
PȺ,2
Pə,2
P̕,2
Q?,2
Qt,2
Qy,2
Q¸,2
QĆ,2
QȾ,2
QḰ,2
R),2
RO,2
R_,2
Ré,2
SG,2
SÌ,2
Sà,2
Są,2
Sę,2
T?,2
TH,2
TR,2
TV,2
Tà,2
Tè,2
T́,2
UX,2
UZ,2
Uo,2
UĆ,2
UŦ,2
Ú,2
U̓,2
UṮ,2
V),2
VC,2
VE,2
VI,2
W',2
WH,2
WT,2
WW,2
WY,2
Wl,2
WÈ,2
Wó,2
Wú,2
Wü,2
WĆ,2
Wō,2
X),2
X7,2
XK,2
XQ,2
X_,2
Xn,2
Xì,2
Xú,2
XȾ,2
XṈ,2
Y-,2
Y.,2
YN,2
YU,2
Yh,2
ZA,2
ZC,2
Zr,2
Zï,2
[l,2
[x,2
\\,2
]c,2
"_,",2
_A,2
`',2
`d,2
`ä,2
a2,2
a6,2
aG,2
aK,2
a°,2
a×,2
aä,2
aę,2
aį,2
aś,2
aḱ,2
a”,2
a•,2
b),2
b-,2
bü,2
bę,2
bƛ,2
bḡ,2
cj,2
cå,2
cì,2
cï,2
cǎ,2
cǐ,2
cɛ,2
cɬ,2
cḱ,2
c—,2
dâ,2
dî,2
dṓ,2
d‘,2
d,2
eB,2
eM,2
eT,2
e`,2
eñ,2
eý,2
eā,2
e̲,2
eḡ,2
eẅ,2
e”,2
"f""",2
f),2
f_,2
fj,2
fn,2
fí,2
fě,2
g*,2
gâ,2
gį,2
gł,2
gō,2
hK,2
hM,2
hń,2
hǟ,2
hǭ,2
hẕ,2
iT,2
i\,2
ię,2
iį,2
iľ,2
i˛,2
iḻ,2
j',2
j>,2
j_,2
jē,2
"k""",2
k:,2
kô,2
kˈ,2
kḵ,2
k—,2
k…,2
l;,2
lO,2
l~,2
lƗ,2
lʣ,2
l̨,2
lḷ,2
lṁ,2
lṣ,2
l”,2
l…,2
m*,2
må,2
mù,2
mį,2
mń,2
m̀,2
mⱡ,2
n1,2
nE,2
nS,2
nT,2
nô,2
nƗ,2
nǝ,2
ǹ,2
n̈,2
nṇ,2
o1,2
oM,2
oú,2
oᶿ,2
oḥ,2
oḱ,2
oḻ,2
oḿ,2
oṣ,2
oẑ,2
o…,2
"p""",2
p:,2
pO,2
p`,2
pè,2
pń,2
p̀,2
qU,2
q`,2
qb,2
qd,2
qť,2
qǧ,2
qǰ,2
qɫ,2
qḻ,2
rï,2
rǎ,2
r’,2
r”,2
s;,2
sH,2
s`,2
s¢,2
sô,2
sö,2
sć,2
sě,2
sǐ,2
sḿ,2
t2,2
tS,2
t´,2
tĺ,2
tź,2
tǹ,2
tʷ,2
tˢ,2
tḗ,2
"u""",2
uì,2
uú,2
uḡ,2
uḱ,2
v-,2
vé,2
w:,2
wê,2
wį,2
wɫ,2
ŵ,2
w”,2
"x""",2
x/,2
xj,2
xè,2
xǥ,2
xɫ,2
xʊ,2
xˈ,2
y1,2
y6,2
y\,2
yǂ,2
yǝ,2
yɣ,2
y̨,2
zë,2
zě,2
zǎ,2
~k,2
¢.,2
¢s,2
¢¢,2
¢ʔ,2
°I,2
°k,2
°q,2
°y,2
´x,2
´õ,2
·?,2
·ǂ,2
·ʔ,2
¸-,2
¸H,2
Àa,2
ÁX,2
Áx,2
ÁȺ,2
Äg,2
Äj,2
Än,2
Äʼ,2
É:,2
Ép,2
Ìp,2
Ìs,2
Ìw,2
Ìṣ,2
ÍA,2
ÍX,2
Íw,2
Íy,2
Ïl,2
Ïo,2
Ïy,2
Ók,2
Óx,2
Ú7,2
Úc,2
Úm,2
Úp,2
Üü,2
à7,2
àū,2
àǎ,2
á(,2
áý,2
áę,2
áẇ,2
âc,2
âd,2
ä(,2
ä’,2
åk,2
ån,2
åp,2
åq,2
åt,2
èè,2
é(,2
é_,2
éı,2
éń,2
éʕ,2
éṅ,2
ês,2
êx,2
ìb,2
ìí,2
í!,2
ív,2
íı,2
íń,2
íḷ,2
î7,2
î?,2
ï-,2
ï?,2
ïa,2
ïb,2
ïë,2
"ò,",2
òy,2
óe,2
óu,2
ôx,2
"ù,",2
ù?,2
ùp,2
ú!,2
úā,2
úɬ,2
ú̓,2
úẏ,2
ýa,2
ýi,2
ýt,2
Ām,2
Āy,2
Ą̈,2
ąa,2
ąb,2
ąę,2
ą̌,2
ĆH,2
ĆP,2
Će,2
Ći,2
ĆȽ,2
ĆȾ,2
ća,2
ćú,2
čá,2
čí,2
čʋ,2
čʷ,2
Ēh,2
Ēm,2
Ęj,2
Ęl,2
Ęt,2
ę!,2
ę̈,2
ę̨,2
ět,2
Īt,2
īg,2
īm,2
īw,2
Įy,2
į!,2
įm,2
įs,2
ıo,2
ıs,2
ıł,2
ĺh,2
ĺm,2
ľq,2
Łw,2
Łá,2
Łí,2
Łū,2
Łə,2
łḗ,2
ł‿,2
ńi,2
ńk,2
ńs,2
Ōk,2
Ōt,2
"ō,",2
ōj,2
ōʼ,2
Ś.,2
ŚB,2
ŚĆ,2
ŚŦ,2
śa,2
śk,2
śl,2
śo,2
ś’,2
Ŝe,2
"ŝ,",2
ŝb,2
ŝo,2
ŝʔ,2
š!,2
šg,2
š̌,2
ťc,2
ťx,2
ŦS,2
ŦT,2
ŦX,2
Ū́,2
ū',2
ūc,2
ūy,2
ųı,2
ŵɨ,2
Əm,2
ƛ`,2
ƛʕ,2
ƛ—,2
ǂ?,2
ǂh,2
ǎs,2
ǎu,2
ǎy,2
ǜ.,2
ǜa,2
Ǧn,2
ǧḿ,2
Ǫg,2
Ǫ́,2
ǫi,2
ǫw,2
ǫı,2
ǫł,2
ǫʼ,2
ǭz,2
ǰj,2
ǵw,2
Ǹt,2
ǹa,2
ǹd,2
Ⱥ?,2
ȺȻ,2
ȺḴ,2
Ȼ.,2
Ȼ?,2
Ȼ̓,2
ȼI,2
ȼw,2
ȼȼ,2
Ƚ.,2
ȽD,2
ȽW,2
ȽȺ,2
ȽȻ,2
ȽȾ,2
Ƚ₭,2
ȾA,2
ȾN,2
ȾT,2
ȾW,2
ȾÍ,2
ȾȺ,2
ɂk,2
ɂę,2
əɛ,2
əʣ,2
ə̓,2
ɛo,2
ɛə,2
ɛ̓,2
ɛḱ,2
ɣe,2
ɩχ,2
ɫń,2
ɬ!,2
ɬy,2
ɬé,2
ʊK,2
ʊp,2
ʔ/,2
ʔó,2
ʔȼ,2
ʔ̓,2
ʔḷ,2
ʕ.,2
ʕA,2
ʕʔ,2
ʣo,2
ʣu,2
ʷ!,2
ʷ),2
ʸi,2
ʼ-,2
ʼb,2
ʼg,2
ʼj,2
ʼƛ,2
ʼθ,2
ˈ.,2
ˈz,2
˛`,2
̀A,2
̀è,2
̀̀,2
́\,2
́v,2
́ú,2
́Ⱥ,2
́ṯ,2
̂l,2
̂ɨ,2
̂ʔ,2
̂ʼ,2
̄I,2
̄c,2
̄k,2
̈a,2
̈d,2
̈g,2
̈r,2
̈s,2
̈t,2
̈y,2
"̌,",2
̌ì,2
̌ó,2
̓:,2
̓;,2
̓L,2
̓\,2
̓Ì,2
̓è,2
̓ĺ,2
̓ˈ,2
̣̓,2
̓ṣ,2
̓ẃ,2
̕ó,2
̕θ,2
̣—,2
̨',2
"̨,",2
̨ú,2
̩e,2
̩i,2
̩n,2
̩ǧ,2
̱v,2
̱ú,2
̵X,2
̵s,2
̸A,2
̸K,2
θg,2
θé,2
θǰ,2
χx,2
χǰ,2
χʊ,2
ᐁᓯ,2
ᐃᐤ,2
ᐃᑌ,2
ᐃᔨ,2
ᐅᐟ,2
ᐅᐤ,2
ᐅᐱ,2
ᐅᐸ,2
ᐅᑌ,2
ᐅᒉ,2
ᐅᓯ,2
ᐅᓰ,2
ᐆᑌ,2
ᐊᐏ,2
ᐊᐑ,2
ᐊᐯ,2
ᐊᑖ,2
ᐊᑯ,2
ᐊᒪ,2
ᐊᓄ,2
ᐋᑖ,2
ᐋᒨ,2
ᐍᐏ,2
ᐍᑎ,2
ᐍᔭ,2
ᐏᒉ,2
ᐏᒋ,2
ᐏᓈ,2
ᐑᒋ,2
ᐓᓴ,2
ᐘᐱ,2
ᐘᐳ,2
ᐘᓴ,2
ᐚᐢ,2
ᐚᐦ,2
ᐚᐱ,2
ᐚᓯ,2
ᐟᓯ,2
ᐟᓱ,2
ᐢᐲ,2
ᐢᑖ,2
ᐢ᙮,2
ᐣᑕ,2
ᐣᑫ,2
ᐤ᙮,2
ᐦᐘ,2
ᐦᑰ,2
ᐦᒌ,2
ᐯ˙,2
ᐯᑕ,2
ᐯᔨ,2
ᐯᔭ,2
ᐱᑐ,2
ᐱᑿ,2
ᐱᔭ,2
ᐲᓯ,2
ᐳᐦ,2
ᐸᐣ,2
ᐸᐸ,2
ᐸᑕ,2
ᐸᑳ,2
ᐸᓂ,2
ᐸᓯ,2
ᐻᐦ,2
ᑅᐤ,2
ᑌᐢ,2
ᑎᐠ,2
ᑎᐢ,2
ᑎᑲ,2
ᑎᑵ,2
ᑎᓱ,2
ᑐᐣ,2
ᑐᑌ,2
ᑐᑎ,2
ᑐᑵ,2
ᑕᑿ,2
ᑕᒧ,2
ᑕᓂ,2
ᑕᔭ,2
ᑖᐍ,2
ᑖᑮ,2
ᑖᑲ,2
ᑢᓱ,2
ᑤᒼ,2
ᑫᐏ,2
ᑫᐟ,2
ᑫᐦ,2
ᑫᑕ,2
ᑫᓯ,2
ᑫᓱ,2
ᑭᐍ,2
ᑭᐸ,2
ᑭᑅ,2
ᑭᑕ,2
ᑭᑯ,2
ᑭᒋ,2
ᑭᓌ,2
ᑭᓱ,2
ᑮᐦ,2
ᑮᑿ,2
ᑮᒁ,2
ᑮᒧ,2
ᑮᒪ,2
ᑯᓰ,2
ᑰᐦ,2
ᑲᐑ,2
ᑲᐚ,2
ᑲᐠ,2
ᑲᑌ,2
ᑲᒧ,2
ᑲᒪ,2
ᑲᒼ,2
ᑲᕀ,2
ᑳᐏ,2
ᑳᑭ,2
ᑳᓱ,2
ᑵᐢ,2
ᑵᓯ,2
ᑵᔭ,2
ᑿᐤ,2
ᑿᓯ,2
ᑿᕀ,2
ᒁᐦ,2
ᒁᑭ,2
ᒁᒌ,2
ᒉᐍ,2
ᒉᐏ,2
ᒋᐏ,2
ᒋᐣ,2
ᒋᑭ,2
ᒋᑯ,2
ᒋᑳ,2
ᒋᒧ,2
ᒌᐢ,2
ᒌᓴ,2
ᒌᔭ,2
ᒐᐏ,2
ᒐᐢ,2
ᒐᐦ,2
ᒣᐟ,2
ᒣᒁ,2
ᒥᐘ,2
ᒥᐟ,2
ᒥᐠ,2
ᒥᑯ,2
ᒥᑲ,2
ᒥᓄ,2
ᒥᕀ,2
ᒦᐱ,2
ᒧᐘ,2
ᒧᓲ,2
ᒨᔭ,2
ᒪᐠ,2
ᒪᑭ,2
ᒪᒋ,2
ᒫᐏ,2
ᒫᑐ,2
ᒫᔭ,2
ᒫᔮ,2
ᒼ',2
ᓂᐣ,2
ᓂᐸ,2
ᓂᓇ,2
ᓂᓱ,2
ᓂᔮ,2
ᓃᐚ,2
ᓃᒣ,2
ᓃᒫ,2
ᓃᓃ,2
ᓄᓯ,2
ᓇᐍ,2
ᓇᐢ,2
ᓇᑕ,2
ᓇᒨ,2
ᓇᓀ,2
ᓈᐱ,2
ᓌᐦ,2
ᓭᐸ,2
ᓯᐍ,2
ᓯᐱ,2
ᓯᑐ,2
ᓯᑿ,2
ᓯᒫ,2
ᓱᑕ,2
ᓱᓴ,2
ᓲᒼ,2
ᓴᐢ,2
ᓴᑎ,2
ᓴᑫ,2
ᓴᑭ,2
ᓴᑿ,2
ᓴᒼ,2
ᓴᕀ,2
ᔨᐟ,2
ᔨᑯ,2
ᔨᒥ,2
ᔨᓇ,2
ᔪᐦ,2
ᔭᐠ,2
ᔭᑭ,2
ᔭᒪ,2
ᔭᓇ,2
ᔭᓴ,2
ᔮᐤ,2
ᔮᐦ,2
ᕀᑐ,2
ᶿj,2
ᶿm,2
ᶿw,2
ᶿʔ,2
ḏa,2
ḕd,2
ḗ.,2
ḗł,2
ḡe,2
ḡy,2
ḡz,2
ḡʷ,2
ḥ(,2
ḥ/,2
ḱi,2
ḱl,2
ḱm,2
ḱu,2
Ḵ.,2
Ḵe,2
Ḵs,2
ḴȽ,2
Ḵ̕,2
Ḵ̱,2
ḵ!,2
ḵc,2
ḵm,2
ḵʼ,2
ḷb,2
ḷq,2
ḷz,2
ḻc,2
ḻs,2
ḻá,2
ṁe,2
ṁi,2
ṁs,2
ṃ.,2
ṃ?,2
ṃb,2
ṃd,2
ṃu,2
ṃy,2
ṃú,2
ṃƛ,2
ṃḷ,2
ṇ?,2
ṇn,2
ṇw,2
ṈX,2
ṈĆ,2
ṈȽ,2
ṈṈ,2
ṑd,2
ṓh,2
ṓt,2
ṕe,2
ṕi,2
ṕo,2
ṣe,2
ṣá,2
ṣé,2
ṣó,2
ṮK,2
ṮU,2
ṮȽ,2
ẁi,2
ẃt,2
ẅ.,2
ẅd,2
"ẏ,",2
ẏm,2
ẏu,2
ẏú,2
ẑl,2
ẑo,2
ẕn,2
ọ́,2
—t,2
—ʕ,2
‘.,2
‘S,2
‘W,2
‘c,2
‘h,2
‘s,2
‘t,2
‘ó,2
’/,2
’C,2
’K,2
’M,2
’N,2
’Q,2
’À,2
’â,2
’ı,2
’ń,2
’ẕ,2
“l,2
“p,2
"”,",2
•',2
•S,2
•b,2
•l,2
…?,2
…l,2
…m,2
…q,2
…s,2
……,2
′ǧ,2
′ʔ,2
‿ʕ,2
ⱡp,2
ⱡy,2
Ɫá,2
Ɫṃ,2
’,2
d,2
w,2
χ,2
!',1
!.,1
!’,1
"""%",1
""":",1
"""J",1
"""R",1
"""_",1
"""j",1
"""q",1
"""Á",1
"""Ó",1
"""é",1
"""í",1
"""Ę",1
"""ƛ",1
"""ɩ",1
#1,1
#2,1
$1,1
$2,1
$a,1
$i,1
$u,1
"%""",1
':,1
'=,1
'B,1
'D,1
'Q,1
'R,1
'S,1
'`,1
'f,1
'¢,1
'Á,1
'Ù,1
'Ú,1
'ǎ,1
'ǧ,1
'Ǫ,1
'ɂ,1
'ɩ,1
'ɬ,1
'ʔ,1
'̍,1
'̲,1
'χ,1
'ᐦ,1
'ᑭ,1
'ḡ,1
'ṉ,1
',1
((,1
(.,1
(4,1
(5,1
(6,1
(8,1
(9,1
(A,1
(I,1
(Q,1
(R,1
(j,1
(~,1
(é,1
(ł,1
(š,1
(Ǫ,1
(ə,1
(̓,1
(χ,1
(ḵ,1
)',1
);,1
)K,1
)L,1
)S,1
)T,1
)b,1
)r,1
)y,1
)Á,1
)č,1
)ǂ,1
)ǧ,1
)ə,1
)ʕ,1
)ḥ,1
)ḵ,1
)‘,1
)’,1
*-,1
*C,1
*F,1
*H,1
*J,1
*S,1
*U,1
*Y,1
*q,1
*x,1
*ʕ,1
*ḵ,1
",'",1
",(",1
",A",1
",F",1
",x",1
",ʷ",1
",̨",1
",ḵ",1
",‘",1
",…",1
-.,1
-1,1
-?,1
-C,1
-U,1
-V,1
-X,1
-Z,1
-ǫ,1
-ḥ,1
-ⱡ,1
.-,1
.E,1
.K,1
.L,1
.M,1
.P,1
.V,1
.W,1
.\,1
.é,1
.̣,1
.‘,1
/(,1
/>,1
/A,1
/E,1
/G,1
/H,1
/M,1
/Q,1
/S,1
/r,1
/Á,1
/á,1
/é,1
/ú,1
/Ŧ,1
/ḥ,1
0),1
0S,1
0T,1
0m,1
0r,1
0s,1
0t,1
1-,1
1i,1
1ì,1
2-,1
3],1
3m,1
"4""",1
4-,1
4_,1
4”,1
5-,1
53,1
5m,1
6),1
63,1
64,1
67,1
6y,1
6ḥ,1
"7""",1
7/,1
73,1
75,1
7L,1
7[,1
7\,1
7],1
7_,1
7v,1
7ù,1
7’,1
7…,1
8),1
8_,1
8ɬ,1
9),1
90,1
93,1
94,1
:X,1
:Y,1
:b,1
:á,1
:ō,1
:ś,1
:ǰ,1
:ə,1
:ḥ,1
;a,1
;e,1
;i,1
;m,1
;o,1
;t,1
<<,1
<b,1
<l,1
<p,1
<s,1
=b,1
=h,1
=n,1
=p,1
=t,1
=w,1
=ƛ,1
>>,1
?*,1
?-,1
?.,1
?I,1
?S,1
?_,1
?g,1
?l,1
?q,1
?x,1
?»,1
?á,1
?í,1
?̀,1
?́,1
A!,1
A/,1
A:,1
A?,1
AE,1
AF,1
AR,1
A`,1
A¸,1
AŦ,1
À,1
AṈ,1
A₭,1
B(,1
B*,1
"B,",1
B:,1
B;,1
BG,1
BR,1
Bw,1
By,1
BÍ,1
Bà,1
Bè,1
Bë,1
Bì,1
Bú,1
Bā,1
Bē,1
Bį,1
BŚ,1
BȻ,1
B₭,1
C-,1
C=,1
C?,1
CD,1
Cq,1
Cà,1
Cì,1
CĆ,1
CȺ,1
Cʔ,1
DM,1
DS,1
Dc,1
Dw,1
Dê,1
Dü,1
Dē,1
Dł,1
Dʼ,1
D̂,1
D̈,1
DḰ,1
DḴ,1
Dṃ,1
Dọ,1
"E""",1
E7,1
E:,1
EF,1
E],1
E`,1
Eq,1
Eu,1
E¬,1
Eʼ,1
Ē,1
Eḵ,1
EḺ,1
Eẑ,1
Eẕ,1
E“,1
F),1
FC,1
FE,1
G',1
GC,1
GI,1
GL,1
GM,1
GO,1
Gà,1
Gê,1
Gò,1
Gį,1
Gḷ,1
Gṇ,1
Gṑ,1
H-,1
HL,1
HY,1
Hh,1
Hm,1
Hs,1
Hà,1
Hè,1
Hò,1
Hą,1
Hī,1
Hį,1
H́,1
H’,1
I!,1
IB,1
If,1
Iu,1
Iv,1
Ià,1
Ié,1
Iʕ,1
Iʼ,1
J.,1
JB,1
JC,1
JJ,1
JL,1
Jr,1
Jé,1
Jó,1
Jē,1
Jī,1
Jō,1
Jų,1
Jǫ,1
JȾ,1
Jɛ,1
JḴ,1
K),1
K-,1
K.,1
KC,1
KF,1
Kd,1
Kk,1
K¸,1
Kâ,1
Kï,1
KĆ,1
Kį,1
KḴ,1
Kṇ,1
Kẃ,1
L),1
LC,1
Lm,1
Lv,1
Lw,1
Ly,1
Lä,1
Lù,1
Lī,1
Lū,1
L̸,1
Lṇ,1
LṮ,1
M?,1
ML,1
MV,1
Mh,1
Mè,1
Mą,1
Mį,1
Mı,1
MȺ,1
MȽ,1
MḰ,1
MḴ,1
Mḷ,1
MṮ,1
M’,1
NC,1
NJ,1
NV,1
NZ,1
N],1
N_,1
Nb,1
Nh,1
Nâ,1
Ně,1
NŚ,1
NȺ,1
NȽ,1
NȾ,1
Nɛ,1
Nʔ,1
Nʼ,1
N̕,1
N̵,1
Nḗ,1
N,1
O-,1
O2,1
O:,1
O_,1
Ob,1
Ox,1
Oł,1
Oš,1
Oʔ,1
P.,1
PC,1
PN,1
PQ,1
Pc,1
Pk,1
Pn,1
Pw,1
Pz,1
P¸,1
Pà,1
På,1
Pì,1
Pó,1
Pù,1
PŦ,1
PȻ,1
P̱,1
PṈ,1
P₭,1
Q:,1
QD,1
Qs,1
Qà,1
Qì,1
Qó,1
Qṇ,1
R!,1
RI,1
RK,1
Ry,1
Rá,1
Rú,1
S!,1
S-,1
S_,1
Sj,1
Sè,1
Sô,1
Sį,1
Sı,1
Sʼ,1
Sḱ,1
S’,1
T!,1
T-,1
T/,1
Tv,1
Tù,1
Tú,1
Tį,1
Tų,1
Tǫ,1
Tɨ,1
TḰ,1
T‘,1
U-,1
UF,1
UG,1
UM,1
UO,1
UQ,1
UY,1
Uv,1
UḴ,1
UṈ,1
Uẑ,1
U’,1
"V,",1
V-,1
V.,1
Vu,1
Vy,1
Và,1
Vá,1
W),1
"W,",1
W.,1
WK,1
WQ,1
WR,1
Wc,1
Ws,1
Wt,1
Wv,1
Wy,1
Wà,1
Wä,1
Wè,1
Wī,1
Wł,1
WŦ,1
Wǝ,1
WȺ,1
WȾ,1
Wḗ,1
WḴ,1
Wṇ,1
WṮ,1
XU,1
XZ,1
Xh,1
X·,1
Xà,1
Xó,1
XŚ,1
Xƛ,1
X̀,1
"Y""",1
Y',1
Y7,1
YH,1
YK,1
YW,1
YX,1
Yt,1
Yv,1
Yw,1
YÍ,1
Yè,1
Yì,1
Yí,1
Yù,1
Yā,1
YĆ,1
Yę,1
Yō,1
Yų,1
Y’,1
ZE,1
Zw,1
ZÈ,1
Zà,1
Zä,1
Zù,1
Zǫ,1
[3,1
[7,1
[E,1
[N,1
[W,1
[d,1
[f,1
[g,1
[u,1
\-,1
\h,1
\k,1
\n,1
\t,1
"]""",1
];,1
]e,1
]m,1
^a,1
"_""",1
_2,1
_3,1
_C,1
_G,1
_L,1
_N,1
_O,1
_S,1
_T,1
_U,1
_X,1
_é,1
_ƛ,1
_ʕ,1
`T,1
`c,1
`h,1
`m,1
`r,1
`v,1
`y,1
`à,1
`ú,1
`ą,1
`ł,1
`ǫ,1
`ʷ,1
`ʼ,1
a$,1
a3,1
a4,1
a5,1
a8,1
a9,1
aA,1
aL,1
a\,1
a^,1
a},1
aÌ,1
aā,1
ać,1
aĵ,1
ań,1
aų,1
aǫ,1
aɛ,1
ạ,1
aᶻ,1
aḤ,1
a⁷,1
b(,1
b?,1
b_,1
bò,1
bʼ,1
bˈ,1
bḻ,1
"c""",1
c/,1
cX,1
cb,1
cè,1
cî,1
cô,1
cĺ,1
cń,1
cť,1
cʷ,1
cχ,1
cḿ,1
c–,1
d1,1
d3,1
d;,1
d=,1
dO,1
dP,1
dÏ,1
dʦ,1
d̈,1
dḿ,1
dẹ,1
e*,1
e4,1
e>,1
eK,1
eN,1
eQ,1
e\,1
e´,1
eą,1
eś,1
eź,1
eǵ,1
eɫ,1
eḻ,1
e′,1
fd,1
fp,1
fà,1
fó,1
fə,1
g2,1
g:,1
gE,1
g],1
gń,1
gű,1
gɬ,1
gʸ,1
ĝ,1
gṑ,1
g,1
h1,1
h:,1
h=,1
hQ,1
h[,1
hå,1
hê,1
hõ,1
hö,1
hû,1
hŝ,1
hɬ,1
hḡ,1
hḱ,1
hḻ,1
hṑ,1
h”,1
h,1
h,1
iP,1
i[,1
i´,1
iö,1
ić,1
iē,1
iś,1
iť,1
iɛ,1
iʾ,1
i̇,1
ǐ,1
iḡ,1
iṕ,1
iṭ,1
i”,1
i•,1
j!,1
j(,1
j),1
"j,",1
j1,1
jh,1
jr,1
js,1
jt,1
jü,1
jō,1
jų,1
jǔ,1
jǜ,1
j́,1
j’,1
kI,1
kU,1
k´,1
kɫ,1
k̄,1
k̍,1
kᶻ,1
kḕ,1
kḻ,1
kṃ,1
kṑ,1
kṣ,1
kằ,1
k”,1
l\,1
l°,1
lÏ,1
lâ,1
lê,1
lî,1
lĺ,1
lŵ,1
lǔ,1
lǜ,1
lǟ,1
lǰ,1
lɫ,1
lˀ,1
l̈,1
l̍,1
lḥ,1
lḱ,1
lṕ,1
lẁ,1
lẃ,1
l•,1
mI,1
m¯,1
mô,1
mõ,1
mĺ,1
mǟ,1
mɣ,1
mɫ,1
mʋ,1
mʦ,1
m̄,1
mḱ,1
mṃ,1
n*,1
n0,1
n2,1
nA,1
nC,1
nI,1
nO,1
nQ,1
n·,1
n»,1
nî,1
nû,1
nź,1
nȼ,1
nɣ,1
n̄,1
nᶿ,1
nḕ,1
n—,1
n‘,1
n”,1
n•,1
o$,1
o2,1
oQ,1
oS,1
oX,1
o},1
oò,1
oā,1
o˛,1
o”,1
o•,1
p3,1
p;,1
pI,1
pJ,1
p],1
pf,1
pÌ,1
på,1
pë,1
pī,1
pǹ,1
pȼ,1
pɣ,1
pʋ,1
pʷ,1
p̄,1
p̱,1
pẃ,1
pọ,1
p—,1
p‘,1
p…,1
q:,1
q=,1
qA,1
q\,1
qõ,1
qý,1
qē,1
qĺ,1
qɩ,1
q̱,1
qْ,1
qẃ,1
q‘,1
"r""",1
r(,1
r2,1
r:,1
r],1
r`,1
rö,1
rę,1
rə,1
r̄,1
s>,1
sE,1
sO,1
sQ,1
sX,1
s[,1
sÌ,1
sõ,1
sû,1
sƏ,1
sǔ,1
sǖ,1
sǝ,1
sǟ,1
sʣ,1
s̄,1
s̨,1
sḏ,1
sḡ,1
sṑ,1
sẃ,1
sẅ,1
s,1
s,1
t*,1
t3,1
t6,1
tE,1
tI,1
tJ,1
tL,1
tN,1
tO,1
tQ,1
tR,1
t[,1
t~,1
t¢,1
tô,1
tü,1
tľ,1
tŕ,1
tǜ,1
tḡ,1
tḱ,1
tḿ,1
tṯ,1
tẃ,1
t—,1
t…,1
t‿,1
t,1
t,1
u*,1
u8,1
uB,1
uE,1
uK,1
uO,1
u°,1
u×,1
uā,1
uą,1
uć,1
uħ,1
uʣ,1
uʷ,1
uʾ,1
ǔ,1
uᶿ,1
uḳ,1
uḷ,1
uṁ,1
uṕ,1
uṣ,1
v',1
v),1
v`,1
vh,1
vr,1
vv,1
vw,1
vń,1
wP,1
wW,1
w\,1
w`,1
wf,1
w¢,1
wÌ,1
wå,1
wľ,1
wʋ,1
wʷ,1
w̄,1
w̲,1
wṕ,1
w…,1
x;,1
x>,1
xI,1
x[,1
x_,1
xf,1
xì,1
xî,1
xô,1
xù,1
xį,1
xń,1
xǎ,1
xǰ,1
xʦ,1
x́,1
xχ,1
xḡ,1
xṯ,1
xị,1
y=,1
yI,1
yK,1
yO,1
yT,1
yX,1
yå,1
yě,1
yǭ,1
yȼ,1
yʋ,1
yʷ,1
yˈ,1
yḥ,1
yị,1
z(,1
zA,1
zD,1
z`,1
z°,1
zò,1
zŵ,1
zǝ,1
zǟ,1
zˈ,1
zṣ,1
zṯ,1
zẕ,1
z‘,1
{n,1
}(,1
~-,1
~i,1
~l,1
~n,1
~q,1
¢',1
¢),1
¢l,1
«I,1
«K,1
¯w,1
°c,1
°o,1
°t,1
°w,1
°x,1
´i,1
´s,1
´t,1
´w,1
´é,1
´˛,1
·(,1
"·,",1
·a,1
·h,1
·i,1
·̓,1
Àt,1
Á',1
Á),1
ÁA,1
Áj,1
Áo,1
Áz,1
Ä',1
Äk,1
Äl,1
Äz,1
Ä̈,1
ÈL,1
ÈN,1
ÈW,1
Èd,1
Èh,1
Èn,1
Éc,1
Ék,1
És,1
Éw,1
Éé,1
É̓,1
Ëc,1
Ëg,1
Ës,1
Ëz,1
Ìn,1
Ìo,1
Ìq,1
Ìá,1
Ìé,1
Ìə,1
Í;,1
ÍI,1
ÍP,1
ÍU,1
ÍW,1
Íh,1
Ík,1
Íz,1
ÍŚ,1
ÍȾ,1
ÍṈ,1
ÍṮ,1
Ïh,1
Ïn,1
Ïs,1
Ït,1
Óo,1
Ót,1
Ôh,1
Ôm,1
Ön,1
Ù?,1
Ùk,1
Úk,1
Ús,1
Úy,1
Ür,1
à?,1
à`,1
àf,1
áK,1
áv,1
áÌ,1
áñ,1
áī,1
áĺ,1
áľ,1
á̍,1
á̲,1
áθ,1
áḡ,1
áḱ,1
áṯ,1
áẃ,1
â?,1
âi,1
ât,1
âʼ,1
ä-,1
ä?,1
äi,1
äł,1
ä̂,1
ås,1
æm,1
æt,1
æχ,1
è!,1
è(,1
è7,1
èi,1
èò,1
èʷ,1
èẁ,1
èỳ,1
é),1
é;,1
éL,1
éu,1
éí,1
éó,1
éú,1
éľ,1
éǫ,1
é̍,1
éχ,1
éḱ,1
éṁ,1
éẃ,1
éẇ,1
êe,1
êg,1
êl,1
ên,1
êt,1
êz,1
ë-,1
ë?,1
ëa,1
ëe,1
ëp,1
ìm,1
ìą,1
ìǹ,1
ì̀,1
ío,1
í´,1
íá,1
íó,1
íý,1
íś,1
í̓,1
í̱,1
íṯ,1
îa,1
îd,1
îh,1
îi,1
în,1
îs,1
î̂,1
ïe,1
ï̀,1
ña,1
ñe,1
ñu,1
ò-,1
òc,1
òj,1
òr,1
òł,1
ó!,1
óÍ,1
óĺ,1
óɂ,1
óʔ,1
óẕ,1
ôh,1
ôn,1
ôá,1
õs,1
ög,1
ùi,1
ùw,1
ùz,1
ùú,1
ùǧ,1
ùə,1
ù̀,1
úr,1
úÌ,1
úý,1
úč,1
úń,1
ú́,1
ú̄,1
úṯ,1
ûg,1
ûs,1
"ü,",1
üp,1
üˈ,1
ýc,1
ýe,1
ýl,1
ým,1
ýs,1
ýu,1
ýx,1
ýé,1
ýí,1
Āc,1
Āt,1
ā),1
ā̂,1
ā̄,1
ą!,1
ą`,1
ąi,1
ąj,1
ąı,1
ąų,1
ą̨,1
ĆJ,1
ĆL,1
ĆM,1
ĆQ,1
ĆY,1
Ć¸,1
ĆĆ,1
ĆŦ,1
Ć₭,1
će,1
ći,1
ćp,1
ćs,1
ćt,1
ću,1
ćw,1
ćə,1
ĉe,1
čI,1
čX,1
čæ,1
čú,1
č̣,1
"Ē,",1
Ēc,1
Ēł,1
ē),1
ē;,1
ēa,1
ēe,1
ēx,1
ēā,1
ēą,1
ē̂,1
ēẕ,1
Ęb,1
Ęh,1
Ęk,1
Ęw,1
Ę́,1
Ę̈,1
ęI,1
ęb,1
ęe,1
ęw,1
ě',1
ěh,1
ěl,1
ěy,1
ě’,1
ħz,1
ħí,1
Īb,1
Īh,1
Īl,1
Īy,1
ī',1
ī?,1
īa,1
īi,1
ī”,1
Įc,1
Įd,1
Įg,1
Įs,1
Į́,1
į(,1
įb,1
įe,1
įā,1
įę,1
įı,1
įǫ,1
į̂,1
ı-,1
ıf,1
ır,1
ıu,1
ıó,1
ıú,1
ıę,1
ĵo,1
ĺ.,1
ĺa,1
ĺk,1
ĺx,1
ĺz,1
ĺá,1
ľm,1
ľn,1
ľs,1
ľt,1
ľá,1
ľé,1
Ł',1
Łm,1
Łé,1
Łì,1
Łù,1
Łü,1
Łı,1
Łǜ,1
Łǫ,1
Łḕ,1
ł),1
ł*,1
ł-,1
ł;,1
łr,1
łî,1
łò,1
łǎ,1
łǜ,1
łʷ,1
ł̕,1
łḕ,1
łṓ,1
łạ,1
łọ,1
ł—,1
Ń-,1
Ń=,1
Ńt,1
ń-,1
ńl,1
ńm,1
ńn,1
ńo,1
ńq,1
ńá,1
ńí,1
ńú,1
ńı,1
ń̓,1
Ōc,1
Ōm,1
Ōs,1
ō!,1
ō',1
ōz,1
ōá,1
ŕe,1
Ś-,1
ŚY,1
ŚŚ,1
ŚṈ,1
ś-,1
ś7,1
śe,1
śq,1
śt,1
śx,1
śà,1
śé,1
śí,1
Ŝd,1
Ŝu,1
Şs,1
Šu,1
š),1
š\,1
šd,1
šʊ,1
š—,1
ťm,1
ťs,1
ťē,1
ťχ,1
"Ŧ,",1
ŦȻ,1
"ū,",1
ū.,1
ūa,1
ūb,1
ūu,1
ūw,1
ūé,1
ū̂,1
ū̌,1
űm,1
ų!,1
"ų,",1
ų?,1
ųg,1
ųk,1
ųá,1
ųé,1
ųʼ,1
Ŵi,1
ŵi,1
źo,1
źé,1
źı,1
Ɨm,1
Ɨn,1
ƛ(,1
ƛ*,1
ƛI,1
ƛb,1
ƛg,1
ƛj,1
ƛé,1
ƛĺ,1
ƛń,1
ƛǧ,1
ƛ̣,1
ƛ’,1
Ɵk,1
ƟƟ,1
ǂ!,1
"ǂ,",1
ǂ/,1
ǂl,1
ǂ̓,1
ǎ',1
ǎg,1
ǎh,1
ǎm,1
ǎt,1
ǎʔ,1
ǐi,1
ǐł,1
ǒ.,1
ǒ?,1
ǔ',1
ǔc,1
ǔk,1
ǔł,1
ǖr,1
ǘt,1
ǜ!,1
ǝd,1
ǝl,1
ǝs,1
ǝt,1
ǝɂ,1
ǟl,1
Ǧa,1
Ǧe,1
Ǧu,1
Ǧá,1
Ǧú,1
ǧl,1
ǧƛ,1
"Ǫ,",1
Ǫh,1
Ǫʼ,1
ǫ),1
ǫá,1
ǫ’,1
"ǭ,",1
Ǹc,1
ṇ̀,1
ȺC,1
ȺE,1
ȺH,1
ȺU,1
Ⱥs,1
ȺĆ,1
ȺŚ,1
ȺȽ,1
ȺṈ,1
Ȼi,1
ȻĆ,1
ȻŚ,1
ȻȻ,1
ȼ!,1
ȼ-,1
ȼ?,1
ȼm,1
ȼs,1
ȼʔ,1
Ƚ-,1
ȽA,1
ȽC,1
ȽJ,1
ȽU,1
"Ⱦ,",1
ȾH,1
ȾL,1
ȾM,1
ȾQ,1
Ⱦ¸,1
ȾŚ,1
ȾŦ,1
ȾȻ,1
ȾȾ,1
"ɂ,",1
ɂ?,1
ɂh,1
ɂt,1
ɂy,1
ə!,1
ə(,1
əT,1
əX,1
əa,1
əe,1
əć,1
əƟ,1
əə,1
əɫ,1
əʊ,1
əʷ,1
əᶿ,1
əḱ,1
əḷ,1
əṕ,1
ə,1
ɛ),1
ɛ/,1
ɛM,1
ɛX,1
ɛe,1
ɛɛ,1
ɛʸ,1
ɛᶿ,1
ɛṕ,1
ɣk,1
ɣl,1
ɣn,1
ɣu,1
ɣí,1
ɣł,1
ɣ̓,1
ɨk,1
ɨ́,1
ɩ(,1
ɩ),1
"ɩ,",1
ɩ:,1
ɩc,1
ɩɛ,1
ɩɩ,1
ɩ̓,1
ɫ.,1
ɫ?,1
ɫm,1
ɫo,1
ɬj,1
ɬú,1
ɬǰ,1
ɬɩ,1
ɬʕ,1
ʊ.,1
ʊg,1
ʊj,1
ʊl,1
ʊo,1
ʊw,1
ʊš,1
ʊǰ,1
ʋs,1
ʋθ,1
ʔ(,1
ʔà,1
ʔʔ,1
ʔʣ,1
ʔ̌,1
ʔ̣,1
ʔᶿ,1
ʔḥ,1
ʔ’,1
ʕ?,1
ʕw,1
ʕz,1
ʕú,1
ʕš,1
ʕ́,1
ʣe,1
ʷI,1
ʷ\,1
ʷò,1
ʷù,1
ʷý,1
ʷǧ,1
ʷʣ,1
ʷ’,1
ʸa,1
ʸu,1
ʸɛ,1
ʼA,1
ʼU,1
ʼ`,1
ʼz,1
ʼâ,1
ʼǎ,1
ʼǒ,1
ʼǘ,1
ʼʼ,1
ʼ̱,1
ʼḕ,1
ʾk,1
ʾȼ,1
ˇG,1
ˇX,1
ˈ!,1
ˈb,1
ˈh,1
ˈʼ,1
ˈ’,1
˙ᐏ,1
˙ᔭ,1
˛.,1
˛d,1
˛y,1
˛´,1
ˢa,1
ˢɛ,1
̀(,1
"̀,",1
̀`,1
̀e,1
̀á,1
̀ä,1
̀ò,1
̀ù,1
̀ı,1
̀ʔ,1
̀ẁ,1
"́""",1
́(,1
́D,1
́P,1
́S,1
́U,1
́Ć,1
́č,1
́ĺ,1
́Ŧ,1
́ɣ,1
́θ,1
́λ,1
́χ,1
́”,1
̂',1
̂?,1
̂b,1
̂h,1
̂j,1
̂o,1
̂u,1
̂z,1
̂ų,1
̂ẑ,1
̄-,1
̄G,1
̄y,1
̄z,1
̄̄,1
̇t,1
̈!,1
"̈,",1
̈.,1
̈c,1
̈j,1
̈n,1
̈x,1
̈z,1
̈ä,1
̈ë,1
̌/,1
̌:,1
̌r,1
̌è,1
̌č,1
̌ɫ,1
̌̀,1
̌—,1
̍t,1
̍í,1
̓Y,1
̓·,1
̓ć,1
̓ɣ,1
̓ʼ,1
̓́,1
̓̄,1
̓ᵂ,1
̓ị,1
̓‘,1
̕(,1
"̕,",1
̕?,1
̕I,1
̕¢,1
̕è,1
̕ć,1
̕ƛ,1
̣',1
̣I,1
̣b,1
̣Ì,1
̣ḥ,1
̨(,1
̨-,1
̨j,1
̨m,1
̨w,1
̨é,1
̨ǫ,1
̨Ɂ,1
̨ʼ,1
̨̲,1
̩L,1
̩b,1
̩l,1
̩q,1
̩w,1
̩́,1
̩̩,1
̩’,1
"̱""",1
̱),1
̱A,1
̱C,1
̱P,1
̱[,1
̱ü,1
̱ū,1
̱Ṉ,1
̱₭,1
̲!,1
̲A,1
̲T,1
̲ǫ,1
̲ḏ,1
̲•,1
̵A,1
̵L,1
̵n,1
̵Í,1
̵Ⱥ,1
̵Ṉ,1
̸L,1
̸S,1
̸X,1
̸Í,1
̸Ŧ,1
θ),1
θh,1
θá,1
λm,1
λw,1
λx,1
λṇ,1
χ!,1
χ),1
χh,1
χk,1
χl,1
χæ,1
χɩ,1
χʋ,1
χ̓,1
ْu,1
ᐁᐑ,1
ᐁᐘ,1
ᐁᐣ,1
ᐁᑐ,1
ᐁᑮ,1
ᐁᑵ,1
ᐁᑻ,1
ᐁᒥ,1
ᐁᒧ,1
ᐁᒫ,1
ᐁᓃ,1
ᐁᓄ,1
ᐁᓅ,1
ᐁᔭ,1
ᐃᐍ,1
ᐃᐟ,1
ᐃᐸ,1
ᐃᑎ,1
ᐃᑘ,1
ᐃᑢ,1
ᐃᑿ,1
ᐃᒥ,1
ᐃᓯ,1
ᐃᓰ,1
ᐃᔮ,1
ᐅᐅ,1
ᐅᐍ,1
ᐅᐏ,1
ᐅᐘ,1
ᐅᑑ,1
ᐅᒐ,1
ᐅᒪ,1
ᐅᓂ,1
ᐅᓄ,1
ᐅᓵ,1
ᐅᔨ,1
ᐅᔭ,1
ᐆᐦ,1
ᐆᑕ,1
ᐆᒪ,1
"ᐊ,",1
ᐊᐃ,1
ᐊᐚ,1
ᐊᐟ,1
ᐊᐤ,1
ᐊᐲ,1
ᐊᒎ,1
ᐊᒑ,1
ᐊᒥ,1
ᐊᓇ,1
ᐊᓷ,1
ᐊᔦ,1
ᐊᔪ,1
ᐊ᙮,1
ᐋᐘ,1
ᐋᑎ,1
ᐋᑐ,1
ᐋᒌ,1
ᐋᒥ,1
ᐋᓴ,1
ᐍᐍ,1
ᐍᐘ,1
ᐍᐟ,1
ᐍᐢ,1
ᐍᐳ,1
ᐍᐸ,1
ᐍᑲ,1
ᐍᒋ,1
ᐍᓇ,1
ᐍᔮ,1
ᐍᔰ,1
ᐏᐊ,1
ᐏᐱ,1
ᐏᑕ,1
ᐏᑿ,1
ᐏᒁ,1
ᐏᒣ,1
ᐏᒧ,1
ᐏᒪ,1
ᐏᔨ,1
ᐑᐢ,1
ᐑᐸ,1
ᐑᑕ,1
ᐑᑲ,1
ᐑᒉ,1
ᐑᓄ,1
ᐑᓇ,1
ᐑᓴ,1
ᐑᔭ,1
ᐓᐤ,1
ᐘᐑ,1
ᐘᐘ,1
ᐘᐨ,1
ᐘᑊ,1
ᐘᑭ,1
ᐘᑿ,1
ᐘᒐ,1
ᐘᓄ,1
ᐘᓇ,1
ᐘᔨ,1
ᐘᔭ,1
ᐘᔮ,1
ᐚᐘ,1
ᐚᐠ,1
ᐚᐣ,1
ᐚᑕ,1
ᐚᑲ,1
ᐚᓂ,1
ᐚᓈ,1
ᐟᑐ,1
ᐟᑕ,1
ᐟᓲ,1
ᐠᐘ,1
ᐠᓭ,1
ᐠ‌,1
ᐢᐳ,1
ᐢᐸ,1
ᐢᐹ,1
ᐢᑰ,1
ᐢᓯ,1
ᐣ/,1
ᐣᐁ,1
ᐣᐊ,1
ᐣᑌ,1
ᐣᑲ,1
ᐣᑿ,1
ᐣᒋ,1
ᐤ',1
"ᐤ,",1
ᐤ?,1
ᐤᓀ,1
ᐦᐆ,1
ᐦᐍ,1
ᐦᐑ,1
ᐦᐚ,1
ᐦᐨ,1
ᐦᐯ,1
ᐦᐳ,1
ᐦᐴ,1
ᐦᑢ,1
ᐦᑮ,1
ᐦᒣ,1
ᐦᒧ,1
ᐦᒪ,1
ᐦᓭ,1
ᐨᐦ,1
ᐯᐏ,1
ᐯᐱ,1
ᐯᑖ,1
ᐯᒫ,1
ᐯᓯ,1
ᐯᕀ,1
ᐱᐏ,1
ᐱᐟ,1
ᐱᐠ,1
ᐱᐸ,1
ᐱᑌ,1
ᐱᑫ,1
ᐱᑹ,1
ᐱᒣ,1
ᐱᒪ,1
ᐱᒼ,1
ᐱᓂ,1
ᐱᓄ,1
ᐱᓰ,1
ᐲᐢ,1
ᐲᐳ,1
ᐲᕀ,1
"ᐳ,",1
ᐳᐏ,1
ᐳᐱ,1
ᐳᑕ,1
ᐳᑯ,1
ᐳᓀ,1
ᐳᓂ,1
ᐳᓇ,1
ᐴᓯ,1
ᐴᓱ,1
ᐸᐏ,1
ᐸᐘ,1
ᐸᐚ,1
ᐸᐠ,1
ᐸᐨ,1
ᐸᑎ,1
ᐸᑖ,1
ᐸᑲ,1
ᐸᓇ,1
ᐸᓱ,1
ᐸᓴ,1
ᐸᔭ,1
ᐹᐣ,1
ᐹᐱ,1
ᐹᑰ,1
ᐻᑌ,1
ᑅᐅ,1
ᑅᐘ,1
ᑇᑎ,1
ᑊᐳ,1
ᑊᑅ,1
ᑊᓴ,1
ᑌᐋ,1
ᑌᐏ,1
ᑌᐟ,1
ᑌᐯ,1
ᑌᐱ,1
ᑌᑕ,1
ᑌᑭ,1
ᑌᑲ,1
ᑌᑿ,1
ᑌᒥ,1
ᑌᓂ,1
ᑌᓄ,1
ᑌᓇ,1
ᑌᓈ,1
ᑌᔮ,1
ᑎᐍ,1
ᑎᐸ,1
ᑎᑊ,1
ᑎᑕ,1
ᑎᑫ,1
ᑎᑭ,1
ᑎᑯ,1
ᑎᑳ,1
ᑎᒧ,1
ᑎᒪ,1
ᑎᓀ,1
ᑎᓄ,1
ᑎᓇ,1
ᑏᐸ,1
ᑏᓴ,1
ᑐᐍ,1
ᑐᑲ,1
ᑐᓂ,1
ᑐᓇ,1
ᑐᓯ,1
ᑑᐣ,1
ᑑᐦ,1
ᑑᑌ,1
ᑑᑕ,1
ᑕ',1
ᑕᐚ,1
ᑕᐱ,1
ᑕᐳ,1
ᑕᐻ,1
ᑕᑊ,1
ᑕᑎ,1
ᑕᑖ,1
ᑕᑮ,1
ᑕᑲ,1
ᑕᒋ,1
ᑕᒣ,1
ᑕᒨ,1
ᑕᓃ,1
ᑕᓴ,1
ᑕᔨ,1
ᑖᐚ,1
ᑖᐢ,1
ᑖᐻ,1
ᑖᑎ,1
ᑖᑕ,1
ᑖᑯ,1
ᑖᒪ,1
ᑖᓀ,1
ᑖᓱ,1
ᑖᓴ,1
ᑖᔭ,1
ᑖᕀ,1
ᑢᐏ,1
ᑢᐦ,1
ᑢᓯ,1
ᑤᐏ,1
ᑫᐍ,1
ᑫᐘ,1
ᑫᐣ,1
ᑫᑫ,1
ᑫᒧ,1
ᑫᒪ,1
ᑫᔭ,1
ᑫᔮ,1
"ᑭ,",1
ᑭᐃ,1
ᑭᐏ,1
ᑭᐤ,1
ᑭᐯ,1
ᑭᑖ,1
ᑭᒣ,1
ᑭᒥ,1
ᑭᒦ,1
ᑭᓀ,1
ᑭᓎ,1
ᑭᓰ,1
ᑭᔪ,1
ᑭᔮ,1
ᑭ᙮,1
ᑮᐏ,1
ᑮᐚ,1
ᑮᐠ,1
ᑮᐸ,1
ᑮᑅ,1
ᑮᑕ,1
ᑮᑭ,1
ᑮᑮ,1
ᑮᒑ,1
ᑮᒣ,1
ᑮᓰ,1
ᑮᔭ,1
ᑮᔮ,1
ᑮᕀ,1
ᑯᐏ,1
ᑯᐣ,1
ᑯᐨ,1
ᑯᐱ,1
ᑯᑖ,1
ᑯᒥ,1
ᑯᓭ,1
ᑯᓱ,1
ᑯᓴ,1
ᑰᐘ,1
ᑰᐤ,1
ᑰᒼ,1
ᑲᐃ,1
ᑲᐊ,1
ᑲᐍ,1
ᑲᑎ,1
ᑲᑖ,1
ᑲᑫ,1
ᑲᑭ,1
ᑲᑲ,1
ᑲᑵ,1
ᑲᑿ,1
ᑲᒋ,1
ᑲᒷ,1
ᑲᓀ,1
ᑲᓄ,1
ᑲᓈ,1
ᑲᓵ,1
ᑳᐑ,1
ᑳᐟ,1
ᑳᐢ,1
ᑳᑎ,1
ᑳᑕ,1
ᑳᓯ,1
ᑳᓰ,1
ᑳᓴ,1
ᑵᐤ,1
ᑵᐱ,1
ᑵᑲ,1
ᑵᒋ,1
ᑵᔮ,1
ᑹᑌ,1
"ᑿ,",1
ᑿᐏ,1
ᑿᐠ,1
ᑿᐨ,1
ᑿᐱ,1
ᑿᑎ,1
ᑿᑕ,1
ᑿᒉ,1
ᑿᒐ,1
ᑿᒥ,1
ᑿᒧ,1
ᑿᓀ,1
ᑿᓱ,1
ᒁᐢ,1
ᒁᐨ,1
ᒁᑕ,1
ᒁᑿ,1
ᒁᓃ,1
ᒁᔭ,1
ᒁᕀ,1
ᒉᐚ,1
ᒉᐢ,1
ᒉᑊ,1
ᒉᑿ,1
ᒉᔨ,1
ᒋᐢ,1
ᒋᐸ,1
ᒋᑕ,1
ᒋᑿ,1
ᒋᒪ,1
ᒋᒫ,1
ᒋᓀ,1
ᒋᔭ,1
ᒋᕀ,1
ᒌᐍ,1
ᒎᓯ,1
ᒐᐣ,1
ᒐᐤ,1
ᒐᐱ,1
ᒐᐸ,1
ᒐᑭ,1
ᒐᑲ,1
ᒐᑳ,1
ᒐᓯ,1
ᒑᐦ,1
ᒑᐹ,1
ᒣᐘ,1
ᒣᑖ,1
ᒣᑭ,1
ᒣᑮ,1
ᒣᓂ,1
ᒥᐏ,1
ᒥᐚ,1
ᒥᑎ,1
ᒥᑑ,1
ᒥᑖ,1
ᒥᓃ,1
ᒥᔫ,1
ᒥᔭ,1
ᒦᓈ,1
ᒧᐟ,1
ᒧᐠ,1
ᒧᐣ,1
ᒧᓈ,1
ᒧᓭ,1
ᒧᓯ,1
ᒧᔁ,1
ᒧᔭ,1
ᒧᔮ,1
ᒨᐱ,1
ᒨᑕ,1
ᒨᓵ,1
ᒪᑐ,1
ᒪᑕ,1
ᒪᑯ,1
ᒪᑲ,1
ᒪᒪ,1
ᒪᓂ,1
ᒪᓇ,1
ᒪᔦ,1
ᒪᔭ,1
ᒫᐠ,1
ᒫᐢ,1
ᒫᐦ,1
ᒫᐳ,1
ᒫᑕ,1
ᒫᑫ,1
ᒭᐢ,1
ᒷᑕ,1
ᒼᒋ,1
ᒼᓇ,1
ᒼ᙮,1
ᓀᐢ,1
ᓀᐱ,1
ᓀᑲ,1
ᓀᒥ,1
ᓀᔨ,1
ᓂᐘ,1
ᓂᐚ,1
ᓂᐟ,1
ᓂᐯ,1
ᓂᑑ,1
ᓂᑖ,1
ᓂᑫ,1
ᓂᑮ,1
ᓂᑳ,1
ᓂᒣ,1
ᓂᒧ,1
ᓂᒫ,1
ᓂᓰ,1
ᓂᓵ,1
ᓃᐑ,1
ᓃᐘ,1
ᓃᐟ,1
ᓃᐦ,1
ᓃᐯ,1
ᓃᐴ,1
ᓃᑏ,1
ᓃᑕ,1
ᓃᑳ,1
ᓃᒧ,1
ᓃᓂ,1
ᓃᓱ,1
ᓄᐓ,1
ᓄᐘ,1
ᓄᐢ,1
ᓄᐨ,1
ᓄᒋ,1
ᓄᒐ,1
ᓄᓭ,1
ᓄᓴ,1
ᓇᐚ,1
ᓇᑯ,1
ᓇᑲ,1
ᓇᒋ,1
ᓇᒐ,1
ᓇᒧ,1
ᓇᓄ,1
ᓇᓯ,1
ᓇᓴ,1
ᓈᐠ,1
ᓈᐣ,1
ᓈᐤ,1
ᓈᐦ,1
ᓈᑎ,1
ᓈᑕ,1
ᓈᓀ,1
ᓈᓂ,1
ᓎᓂ,1
ᓭᐏ,1
ᓭᐢ,1
ᓭᐤ,1
ᓭᐦ,1
ᓭᐱ,1
ᓭᑊ,1
ᓭᒪ,1
ᓭᓴ,1
ᓭᓵ,1
ᓯᐚ,1
ᓯᐯ,1
ᓯᐸ,1
ᓯᑊ,1
ᓯᑖ,1
ᓯᑫ,1
ᓯᒋ,1
ᓯᒥ,1
ᓯᒨ,1
ᓯᓀ,1
ᓯᓃ,1
ᓯᓴ,1
ᓯᔨ,1
ᓯᕀ,1
ᓰᐏ,1
ᓰᐑ,1
ᓰᐢ,1
ᓰᐯ,1
ᓰᐲ,1
ᓰᑕ,1
ᓰᒥ,1
ᓰᒧ,1
ᓰᔭ,1
ᓱᐟ,1
ᓱᐢ,1
ᓱᐦ,1
ᓱᑖ,1
ᓱᑲ,1
ᓱᒋ,1
ᓱᓀ,1
ᓱᓂ,1
ᓱᓯ,1
ᓱᓱ,1
ᓱᔨ,1
ᓱᔭ,1
ᓱᕀ,1
ᓲᐢ,1
ᓴᐤ,1
ᓴᒣ,1
ᓴᓈ,1
ᓴᔨ,1
ᓴᔭ,1
ᓵᐏ,1
ᓵᐣ,1
ᓵᐱ,1
ᓵᑭ,1
ᓵᑲ,1
ᓵᑳ,1
ᓵᒼ,1
ᓷᐦ,1
ᔦᐢ,1
ᔦᓱ,1
ᔨᐏ,1
ᔨᐑ,1
ᔨᐘ,1
ᔨᐚ,1
ᔨᐠ,1
ᔨᐢ,1
ᔨᑕ,1
ᔨᒼ,1
ᔨᓂ,1
ᔨᓈ,1
ᔨᔭ,1
ᔩᑭ,1
ᔩᑿ,1
ᔪᑌ,1
ᔪᑲ,1
ᔫᑎ,1
"ᔭ,",1
ᔭᐑ,1
ᔭᐟ,1
ᔭᐨ,1
ᔭᐯ,1
ᔭᑯ,1
ᔭᑲ,1
ᔭᑿ,1
ᔭᒋ,1
ᔮᐍ,1
ᔮᐢ,1
ᔮᐱ,1
ᔮᒪ,1
ᔮᓇ,1
ᔮᓰ,1
ᔰᔺ,1
ᔺᐠ,1
ᕀᑎ,1
ᵂa,1
ᵂe,1
ᵂu,1
ᶻl,1
ᶻí,1
ᶿ?,1
ᶿX,1
Ḏẕ,1
ḏẕ,1
ḕz,1
ḕʼ,1
"ḗ,",1
ḗc,1
ḗl,1
ḗy,1
ḗī,1
ḗť,1
ḗ’,1
ḡI,1
ḡl,1
ḡx,1
ḡú,1
ḡ̄,1
ḥ?,1
ḥI,1
ḥʷ,1
ḰA,1
ḰB,1
ḰL,1
ḰM,1
ḰX,1
Ḱs,1
ḰÍ,1
ḰĆ,1
Ḱə,1
ḱp,1
ḱv,1
ḱá,1
ḱú,1
Ḵ?,1
ḴL,1
ḴM,1
ḴU,1
ḴW,1
Ḵo,1
Ḵw,1
Ḵx,1
ḴŚ,1
Ḵ̓,1
Ḵ’,1
ḵł,1
ḵʔ,1
ḵ́,1
ḵḵ,1
ḷg,1
ḷt,1
ḷw,1
ḷé,1
ḷħ,1
ḷǧ,1
ḷʔ,1
Ḻ̵,1
ḻ7,1
ḻh,1
ḻk,1
ḻp,1
ḻq,1
ḻu,1
Ḿá,1
ḿa,1
ḿc,1
ḿe,1
ḿi,1
ḿk,1
ḿo,1
ḿs,1
ḿu,1
ḿx,1
ṁn,1
ṁt,1
ṁu,1
ṁw,1
ṁí,1
ṁú,1
ṃʔ,1
ṅc,1
ṅe,1
ṅi,1
ṅm,1
ṅú,1
ṇd,1
ṇi,1
ṇy,1
ṇz,1
ṇħ,1
ṇǧ,1
ṇʔ,1
Ṉ!,1
Ṉi,1
ṈŦ,1
ṉa,1
ṉs,1
ṑk,1
ṑs,1
ṑʼ,1
ṓ:,1
ṓk,1
ṕl,1
ṕs,1
ṕv,1
ṕ’,1
ṣ.,1
ṣo,1
ṣí,1
ṣə,1
ṣʕ,1
ṣ̌,1
ṭ̓,1
"Ṯ,",1
ṮT,1
ṮX,1
ṮȻ,1
ṮȾ,1
ṮḰ,1
ṯ.,1
ṯa,1
ẁe,1
ẁt,1
Ẃa,1
ẃq,1
ẃs,1
ẃw,1
ẃé,1
ẃ’,1
"ẅ,",1
ẅg,1
ẅk,1
ẅm,1
ẅn,1
ẅy,1
ẅḵ,1
ẇi,1
ẇl,1
ẇn,1
ẇt,1
ẇy,1
ẇí,1
ẏ-,1
ẏk,1
ẏl,1
ẏw,1
ẏḵ,1
ẏṁ,1
ẑ-,1
ẑI,1
ẑk,1
ẑ̂,1
Ẕa,1
"ẕ,",1
ẕh,1
ẕj,1
ẕm,1
ẕé,1
ẕē,1
ẕū,1
ẕ́,1
ẕ̲,1
ẕṯ,1
ẕ•,1
ạʔ,1
ằd,1
ẹh,1
ịm,1
ịƛ,1
ị̀,1
ọʼ,1
ỳn,1
‌ᐅ,1
‍p,1
‍̓,1
—q,1
—x,1
‘G,1
‘K,1
‘M,1
‘O,1
‘Q,1
‘T,1
‘b,1
‘j,1
‘l,1
‘v,1
‘x,1
‘á,1
‘ú,1
‘…,1
’',1
’:,1
’;,1
’D,1
’G,1
’L,1
’S,1
’T,1
’Y,1
’j,1
’Ó,1
’Ù,1
’Ú,1
’ê,1
’ƛ,1
’ǔ,1
’ǧ,1
’ɬ,1
’́,1
’̲,1
’ḿ,1
’”,1
’,1
’,1
“5,1
“G,1
“I,1
“O,1
“P,1
“Q,1
“U,1
“X,1
“a,1
“e,1
“m,1
“t,1
“u,1
“į,1
”),1
•A,1
•E,1
•K,1
•P,1
•Q,1
•g,1
•h,1
•k,1
•w,1
…S,1
…i,1
′b,1
‿S,1
‿T,1
‿h,1
‿á,1
₭T,1
₭Ć,1
₭Ś,1
₭Ⱦ,1
₭Ḱ,1
₭Ḵ,1
₭Ṉ,1
ⱡ!,1
ⱡ),1
"ⱡ,",1
고있,1
나는,1
매운,1
먹고,1
생선,1
선을,1
있다,1
h,1
i,1
.,1
’,1
.,1
l,1
h,1
l,1
l,1
y,1
a,1
p,1
w,1
x,1
